aX,aY,aZ,gX,gY,gZ
-0.216,0.411,2.576,14.587,37.598,-20.813
-0.179,0.323,2.716,7.690,66.162,-25.757
-0.208,0.235,2.768,-3.540,96.252,-27.832
-0.219,0.209,2.756,-18.799,128.296,-28.198
-0.191,0.152,2.612,-30.945,162.354,-27.405
-0.192,0.104,2.394,-43.945,194.092,-28.076
-0.160,0.094,2.227,-54.504,217.407,-27.161
-0.136,0.060,2.113,-60.852,231.201,-22.583
-0.194,0.064,2.077,-68.054,239.380,-18.066
-0.238,0.050,2.154,-71.472,246.521,-15.930
-0.231,-0.025,2.280,-72.693,253.052,-15.686
-0.240,-0.094,2.367,-82.092,260.376,-16.418
-0.344,-0.182,2.412,-102.905,271.362,-17.395
-0.262,-0.296,2.325,-125.793,291.870,-14.282
-0.238,-0.360,2.121,-148.560,315.796,-6.714
-0.241,-0.407,1.787,-162.231,346.558,-5.737
-0.303,-0.416,1.441,-179.443,370.728,-4.761
-0.430,-0.389,1.125,-194.580,391.479,-2.991
-0.631,-0.335,0.904,-192.017,402.344,5.493
-0.512,-0.326,0.726,-173.584,408.081,24.048
-0.497,-0.190,0.609,-155.579,393.127,31.433
-0.388,-0.163,0.588,-151.184,369.690,30.579
-0.229,-0.216,0.531,-170.532,347.900,29.175
-0.276,-0.245,0.475,-207.764,334.473,18.250
-0.388,-0.305,0.455,-241.455,336.426,8.911
-0.444,-0.363,0.385,-252.930,348.389,16.296
-0.611,-0.313,0.206,-228.577,363.770,27.527
-0.463,-0.291,-0.044,-192.444,380.737,40.955
-0.593,-0.174,-0.262,-172.485,379.700,50.415
-0.406,0.024,-0.379,-163.025,377.991,55.847
-0.312,0.072,-0.436,-137.695,363.831,58.289
-0.215,0.008,-0.482,-107.544,346.130,52.307
-0.175,-0.067,-0.543,-101.013,325.195,42.175
-0.182,-0.143,-0.620,-118.652,300.415,35.400
-0.253,-0.177,-0.799,-145.081,281.006,28.687
-0.397,-0.210,-1.059,-161.682,273.193,18.311
-0.558,-0.292,-1.373,-154.663,272.156,11.414
-0.650,-0.387,-1.761,-123.657,270.569,13.794
-0.819,-0.378,-2.204,-78.186,258.484,24.597
-0.881,-0.278,-2.699,-33.020,236.572,38.086
-0.932,-0.022,-3.076,7.263,196.228,51.697
-0.972,0.283,-3.323,41.138,144.592,55.481
-1.029,0.497,-3.448,67.017,84.351,51.086
-1.036,0.634,-3.282,83.374,3.479,41.626
-0.937,0.756,-2.876,73.853,-82.825,27.283
-0.799,0.790,-2.408,40.283,-148.804,3.967
-0.666,0.690,-1.930,10.193,-195.496,-27.954
-0.534,0.518,-1.532,0.610,-231.262,-58.289
-0.394,0.338,-1.178,6.226,-256.958,-79.468
-0.168,0.261,-0.792,23.315,-261.902,-89.355
0.027,0.064,-0.913,77.942,-250.122,-96.924
0.080,-0.194,-0.983,125.244,-254.211,-100.037
0.073,-0.259,-0.881,116.333,-267.639,-86.121
0.057,-0.196,-0.835,93.018,-282.532,-62.256
0.002,-0.107,-0.807,79.224,-296.204,-42.297
-0.060,-0.036,-0.723,71.472,-308.228,-30.945
-0.125,0.045,-0.580,77.148,-314.331,-24.536
-0.199,0.081,-0.482,96.252,-312.012,-25.635
-0.198,0.017,-0.404,117.249,-308.716,-24.841
-0.194,-0.040,-0.324,129.578,-308.533,-26.428
-0.211,-0.098,-0.265,140.076,-311.646,-28.625
-0.177,-0.161,-0.186,150.513,-322.205,-25.269
-0.198,-0.206,-0.076,154.968,-343.506,-20.508
-0.369,-0.255,0.242,150.452,-372.009,-16.052
-0.472,-0.233,0.572,136.780,-394.836,-12.024
-0.372,-0.226,0.686,119.385,-396.484,-8.362
-0.353,-0.267,0.703,109.924,-387.451,-4.761
-0.369,-0.265,0.782,109.680,-377.319,1.709
-0.479,-0.124,0.884,111.633,-368.408,10.864
-0.683,-0.001,1.126,124.023,-362.366,20.508
-0.776,0.125,1.590,144.775,-373.657,29.236
-0.673,0.164,2.055,159.424,-385.986,28.992
-0.522,0.120,2.384,162.170,-378.052,14.893
-0.245,0.081,2.524,146.545,-347.534,2.014
0.082,0.091,2.484,115.784,-302.551,1.221
0.077,0.083,2.312,85.632,-253.113,3.845
0.092,0.069,2.101,63.904,-218.628,16.235
0.005,0.110,1.879,46.448,-197.632,26.001
-0.240,0.235,1.852,36.804,-187.378,28.320
-0.299,0.325,1.945,41.748,-186.462,24.475
-0.272,0.390,2.105,52.917,-185.364,16.235
0.032,0.369,2.343,62.988,-177.917,7.080
-0.036,0.348,2.410,65.430,-162.476,1.343
0.100,0.328,2.362,53.650,-141.418,5.249
0.094,0.333,2.076,30.212,-116.882,6.409
0.032,0.347,1.705,6.042,-84.595,2.441
-0.048,0.355,1.427,-2.747,-66.650,4.639
-0.136,0.460,1.351,5.371,-64.636,5.432
-0.179,0.492,1.450,22.705,-67.200,2.686
-0.136,0.489,1.620,36.926,-69.092,-3.967
-0.068,0.462,1.710,39.490,-65.674,-12.390
-0.006,0.376,1.709,33.325,-55.176,-19.165
0.036,0.312,1.651,22.339,-43.518,-21.362
0.104,0.256,1.514,10.620,-31.128,-19.470
0.141,0.252,1.380,3.418,-21.973,-16.052
0.171,0.460,1.542,4.944,-15.991,-17.517
0.063,0.267,1.541,16.541,-9.216,-30.090
0.136,0.063,1.352,16.113,-3.601,-28.381
0.208,0.085,1.168,8.606,1.526,-10.498
0.187,0.220,1.080,-0.122,4.944,2.441
0.269,0.302,1.072,1.038,7.874,8.362
0.145,0.351,1.184,7.019,-0.366,6.714
0.016,0.369,1.363,12.207,-1.709,3.662
-0.038,0.418,1.676,18.127,-3.418,4.028
-0.089,0.459,2.103,21.729,-4.211,2.869
-0.157,0.490,2.529,22.095,-0.916,-0.549
-0.188,0.496,2.875,19.592,15.503,-5.676
-0.220,0.433,3.122,9.338,43.884,-15.442
-0.301,0.329,3.330,-5.188,75.012,-24.658
-0.356,0.270,3.508,-19.409,105.835,-26.062
-0.375,0.284,3.561,-32.654,139.038,-22.705
-0.512,0.102,3.578,-49.744,178.711,-22.827
-0.544,-0.009,3.369,-74.524,230.225,-29.663
-0.524,-0.121,3.059,-92.773,281.433,-30.396
-0.556,-0.232,2.812,-101.501,320.374,-26.062
-0.622,-0.316,2.687,-107.727,343.689,-19.409
-0.645,-0.402,2.559,-115.417,359.070,-11.292
-0.657,-0.427,2.380,-125.183,377.075,-3.967
-0.783,-0.462,2.159,-132.996,401.428,1.038

-1.100,-0.413,1.744,-129.883,465.149,25.879
-0.914,-0.369,1.423,-123.108,508.972,40.344
-0.881,-0.491,1.154,-115.112,520.996,51.697
-0.988,-0.440,1.043,-125.977,511.902,37.415
-1.071,-0.473,0.924,-164.246,489.136,36.499
-1.190,-0.631,0.667,-211.426,478.821,37.781
-1.356,-0.618,0.311,-255.310,473.633,39.429
-1.397,-0.511,0.002,-294.128,464.905,42.969
-1.447,-0.443,-0.273,-321.106,445.740,47.546
-1.523,-0.364,-0.516,-329.346,430.542,47.607
-1.551,-0.230,-0.759,-310.364,427.612,42.236
-1.560,-0.086,-1.073,-256.714,436.707,28.870
-1.380,-0.006,-1.499,-180.176,449.646,9.460
-1.150,0.031,-1.920,-95.337,437.683,-11.597
-0.977,-0.005,-2.297,-23.926,399.536,-32.227
-0.885,-0.151,-2.521,12.756,342.957,-53.650
-0.855,-0.387,-2.666,8.484,282.593,-71.350
-0.854,-0.639,-2.808,-25.208,223.145,-77.515
-0.964,-0.812,-3.007,-72.876,170.898,-65.552
-1.016,-0.805,-3.289,-105.469,126.465,-37.903
-0.997,-0.699,-3.546,-104.797,83.191,0.244
-0.948,-0.410,-3.608,-69.641,26.123,46.265
-0.726,-0.025,-3.437,-14.221,-38.025,83.008
-0.604,0.225,-3.010,46.997,-109.192,92.834
-0.618,0.284,-2.505,91.125,-171.326,74.829
-0.548,0.225,-1.985,104.919,-227.112,49.438
-0.378,0.169,-1.550,93.018,-265.503,26.001
-0.221,0.120,-1.221,68.970,-286.377,-0.366
-0.151,0.031,-0.903,55.786,-304.504,-24.170
-0.121,-0.088,-0.590,82.642,-314.453,-35.950
-0.070,-0.293,-0.724,133.362,-305.176,-30.640
-0.076,-0.258,-0.623,125.488,-307.312,-12.146
-0.129,-0.081,-0.494,87.769,-320.190,6.409
-0.160,0.004,-0.492,82.275,-326.782,18.005
-0.201,0.066,-0.485,91.919,-328.674,22.400
-0.265,0.133,-0.406,104.675,-332.031,21.057
-0.313,0.153,-0.269,126.099,-336.792,17.273
-0.357,0.162,-0.062,150.269,-342.773,12.451
-0.332,0.183,0.139,168.030,-348.328,3.845
-0.320,0.121,0.399,180.969,-354.309,-8.728
-0.287,-0.009,0.685,186.523,-359.741,-19.653
-0.229,-0.124,0.988,175.659,-363.770,-21.118
-0.132,-0.155,1.196,152.893,-362.000,-13.733
-0.090,-0.189,1.170,124.573,-353.210,-0.305
-0.229,-0.015,1.000,97.229,-339.783,16.724
-0.394,0.205,1.076,87.036,-338.562,31.677
-0.534,0.335,1.360,89.966,-355.286,35.522
-0.660,0.494,1.753,106.445,-358.154,25.513
-0.594,0.439,2.139,142.639,-351.685,10.132
-0.384,0.284,2.431,169.373,-332.581,-4.150
-0.077,0.148,2.631,174.011,-295.227,-10.498
0.196,0.044,2.607,155.396,-251.343,-3.479
0.351,0.050,2.317,110.535,-210.693,10.376
0.305,0.106,1.939,56.946,-180.237,22.949
0.276,0.161,1.537,14.771,-161.743,31.372
0.201,0.229,1.116,-6.531,-151.428,35.522
0.026,0.292,0.850,-4.578,-149.658,32.898
-0.188,0.300,0.873,22.095,-156.311,27.954
-0.213,0.306,1.100,62.195,-167.175,23.193
-0.225,0.305,1.381,96.069,-167.908,17.212
-0.162,0.245,1.581,114.868,-159.546,12.146
-0.100,0.199,1.610,112.183,-151.611,12.085
-0.041,0.290,1.675,88.013,-146.423,11.230
-0.033,0.296,1.690,54.626,-150.208,14.832
-0.100,0.314,1.565,24.048,-140.259,11.780
-0.152,0.311,1.429,8.728,-127.258,12.329
-0.188,0.288,1.384,13.428,-117.859,12.512
-0.285,0.316,1.435,23.682,-112.854,10.010
-0.351,0.373,1.584,33.203,-109.497,5.920
-0.298,0.378,1.781,42.847,-102.722,1.709
-0.252,0.356,1.979,46.936,-92.590,-3.235
-0.000,1.129,2.764,46.387,-77.454,-8.118
-0.020,0.730,4.000,135.376,-42.969,-32.410
-0.456,-0.667,2.913,98.022,-12.451,-31.433
0.310,-0.198,0.850,-120.972,60.425,-19.836
0.261,0.115,0.444,-110.535,68.115,11.475
-0.055,0.257,1.143,-53.040,11.047,34.485
0.159,0.368,0.686,-41.626,24.170,16.602
-0.021,0.196,0.782,-6.042,15.198,1.709
-0.106,0.108,1.133,20.569,7.263,2.075
0.002,0.189,1.330,13.306,7.812,11.536
-0.071,0.312,1.633,-12.207,-0.488,15.198
-0.231,0.456,2.015,-25.024,-2.930,13.184
-0.303,0.554,2.343,-20.630,12.695,10.315
-0.331,0.592,2.573,-8.972,43.030,4.333
-0.357,0.537,2.690,-4.639,77.515,-3.967
-0.399,0.491,2.696,-13.306,113.831,-14.038
-0.380,0.488,2.719,-27.344,143.433,-21.912
-0.436,0.475,2.806,-37.903,164.917,-28.198
-0.534,0.470,2.932,-43.579,187.683,-34.668
-0.600,0.404,3.180,-41.748,209.534,-38.635
-0.667,0.330,3.491,-42.419,229.919,-39.001
-0.786,0.257,3.710,-52.246,255.249,-41.931
-0.887,0.087,3.816,-71.838,286.133,-47.302
-1.022,-0.131,3.729,-101.807,323.669,-52.856
-1.125,-0.324,3.323,-133.240,375.854,-57.617
-1.157,-0.501,2.787,-149.841,435.303,-54.443
-1.320,-0.596,2.291,-146.667,485.962,-42.480
-1.440,-0.561,1.746,-132.690,533.752,-20.264
-1.228,-0.366,1.164,-111.938,584.290,8.911
-1.137,-0.527,0.739,-78.491,589.783,29.419
-1.353,-0.471,0.623,-64.453,539.551,19.470
-1.377,-0.318,0.413,-96.130,492.065,26.733
-1.253,-0.260,0.371,-164.246,450.684,33.752
-1.276,-0.127,0.348,-227.112,418.091,18.860
-1.292,-0.131,0.190,-241.760,407.837,-2.563
-1.293,-0.270,-0.088,-214.722,412.537,-15.930
-1.379,-0.405,-0.455,-191.040,429.749,-26.184
-1.476,-0.508,-0.979,-178.284,457.703,-35.645
-1.499,-0.604,-1.616,-161.926,487.549,-44.373
-1.529,-0.569,-2.384,-142.029,506.104,-59.204
-1.437,-0.588,-3.175,-110.352,498.230,-74.036
-1.431,-0.703,-3.803,-70.862,445.740,-77.698
-1.329,-0.788,-4.000,-47.852,371.826,-67.383
-1.277,-0.897,-4.000,-29.663,265.564,-43.762
-1.308,-0.904,-4.000,-29.846,138.794,-3.418
-1.323,-0.637,-4.000,-50.842,20.996,45.837
-1.241,-0.195,-4.000,-61.279,-81.665,92.163
-1.070,0.128,-3.375,-40.466,-180.908,117.737

-0.522,0.568,-1.728,68.604,-272.278,77.209
-0.292,0.305,-1.105,168.335,-292.664,23.621
-0.122,0.009,-0.708,222.107,-278.381,-5.127
0.046,-0.249,-0.666,229.004,-267.578,-21.912
0.110,-0.287,-0.576,182.922,-283.142,-20.264
0.099,-0.270,-0.594,136.230,-303.467,-9.094
0.026,-0.233,-0.641,104.614,-325.012,4.700
-0.111,-0.109,-0.624,71.350,-345.642,18.738
-0.279,0.048,-0.510,53.772,-362.732,31.128
-0.408,0.152,-0.365,62.256,-370.972,37.964
-0.402,0.280,-0.221,86.487,-370.300,39.856
-0.331,0.246,-0.187,115.173,-360.535,29.968
-0.328,0.125,-0.003,135.986,-360.779,15.137
-0.362,0.052,0.354,138.611,-376.770,7.690
-0.337,0.030,0.625,121.521,-394.409,7.751
-0.341,0.043,0.800,93.994,-404.297,11.292
-0.342,0.076,0.915,69.763,-407.043,13.184
-0.488,0.209,1.035,55.115,-405.273,17.395
-0.578,0.270,1.196,65.613,-393.982,21.973
-0.622,0.333,1.336,91.309,-373.291,21.912
-0.664,0.385,1.611,118.347,-354.004,17.944
-0.590,0.312,2.031,138.184,-342.651,14.648
-0.442,0.236,2.322,137.268,-322.876,11.353
-0.365,0.172,2.422,119.019,-294.678,9.583
-0.351,0.175,2.419,89.844,-265.198,10.559
-0.394,0.221,2.327,59.448,-241.150,14.832
-0.528,0.341,2.247,34.546,-219.543,16.235
-0.520,0.401,2.287,27.771,-207.336,15.076
-0.358,0.424,2.347,28.320,-195.007,10.193
-0.155,0.340,2.342,28.015,-171.143,3.113
-0.029,0.262,2.188,23.865,-138.428,-0.793
0.031,0.219,1.905,16.052,-102.356,2.075
0.068,0.199,1.566,9.460,-71.045,8.484
0.034,0.226,1.268,8.179,-51.392,15.137
-0.113,0.275,1.094,17.517,-45.654,19.043
-0.358,0.307,1.094,35.767,-55.603,22.156
-0.216,0.406,1.354,49.500,-75.867,22.461
-0.186,0.487,1.727,53.711,-97.778,21.301
-0.161,0.470,1.901,50.598,-87.952,12.207
-0.062,0.449,1.863,38.269,-63.843,6.592
0.026,0.406,1.654,21.729,-40.588,0.732
0.081,0.322,1.378,6.653,-20.325,-4.700
0.098,0.240,1.097,-1.831,-8.362,-7.568
0.100,0.217,0.837,-2.502,-3.174,-6.714
0.089,0.194,0.648,5.432,-4.272,-5.005
0.030,0.183,0.661,17.944,-16.785,-3.906
0.006,0.203,0.843,28.748,-36.133,-1.587
-0.022,0.217,1.049,35.156,-48.462,0.244
-0.021,0.224,1.200,37.476,-48.950,1.892
-0.027,0.229,1.280,36.682,-43.884,3.601
-0.058,0.250,1.284,30.762,-37.170,4.089
-0.081,0.257,1.231,23.560,-28.809,3.357
-0.082,0.268,1.149,18.311,-19.714,2.319
-0.073,0.253,1.063,14.954,-14.771,0.488
-0.052,0.222,0.981,12.878,-14.465,-2.014
-0.037,0.186,0.896,12.329,-17.639,-3.174
-0.007,0.323,0.968,14.526,-26.306,-3.540
0.003,0.583,1.609,46.387,-34.851,-10.315
-0.000,0.176,1.781,106.628,-28.442,-17.578
-0.195,-0.169,1.805,60.486,-24.231,-11.841
0.049,0.044,1.144,-16.724,-0.732,-5.371
0.035,0.182,1.003,-24.536,14.160,7.385
0.002,0.203,0.981,-8.484,12.085,17.761
0.019,0.217,1.094,-0.671,10.498,12.939
-0.059,0.165,1.378,14.099,6.775,10.803
-0.141,0.174,1.678,27.710,10.681,11.902
-0.160,0.222,1.969,29.602,19.348,13.550
-0.233,0.292,2.289,19.348,28.503,14.221
-0.361,0.387,2.672,13.000,40.710,11.963
-0.418,0.448,3.031,10.681,60.852,7.019
-0.448,0.438,3.280,1.892,90.393,-1.343
-0.492,0.336,3.393,-14.160,126.953,-10.742
-0.512,0.226,3.382,-35.034,165.771,-16.296
-0.492,0.182,3.136,-63.232,208.252,-20.752
-0.485,0.078,2.809,-88.745,249.451,-27.405
-0.494,-0.014,2.611,-96.497,275.696,-28.809
-0.480,-0.070,2.452,-92.102,296.021,-26.672
-0.516,-0.145,2.366,-82.886,314.697,-24.841
-0.555,-0.216,2.371,-70.313,329.590,-20.203
-0.610,-0.242,2.290,-67.566,346.985,-12.756
-0.722,-0.250,2.164,-74.707,368.103,-7.019
-0.948,-0.238,2.037,-82.581,384.583,-0.488
-0.824,-0.249,1.765,-97.839,405.945,7.263
-1.010,-0.233,1.530,-119.873,417.114,13.489
-0.944,-0.172,1.210,-132.446,440.125,8.484
-0.816,-0.259,0.834,-127.197,449.097,11.414
-1.095,-0.212,0.811,-135.254,434.937,-0.244
-1.048,-0.112,0.847,-152.466,423.035,9.888
-0.848,-0.135,0.598,-151.733,428.223,22.949
-0.939,-0.147,0.474,-153.687,431.152,19.531
-1.029,-0.135,0.229,-168.701,434.509,17.334
-0.974,-0.182,-0.250,-180.786,443.176,16.785
-0.943,-0.207,-0.661,-187.683,433.411,11.353
-0.957,-0.128,-1.004,-188.660,411.133,6.042
-0.812,-0.178,-1.327,-173.218,383.728,5.432
-0.707,-0.248,-1.514,-156.677,341.675,2.747
-0.408,-0.377,-1.712,-161.377,294.189,1.465
-0.297,-0.589,-1.790,-181.885,242.493,-5.188
-0.461,-0.781,-1.958,-226.074,210.083,-19.470
-0.506,-0.952,-2.360,-277.588,207.092,-34.973
-0.584,-1.200,-2.907,-305.542,217.651,-46.692
-0.774,-1.321,-3.491,-288.757,230.225,-51.270
-0.824,-1.230,-4.000,-216.797,238.342,-34.119
-0.828,-0.954,-4.000,-79.041,199.707,4.944
-0.764,-0.702,-4.000,92.651,81.665,53.162
-0.555,-0.459,-3.544,216.003,-77.698,97.900
-0.365,0.030,-2.408,219.421,-200.439,122.986
-0.202,0.381,-1.724,148.621,-234.802,98.938
-0.345,0.312,-1.424,114.746,-243.164,40.955
-0.323,0.266,-0.813,133.362,-275.513,-4.211
-0.111,0.107,-0.605,162.537,-259.216,-26.733
0.145,-0.241,-0.633,181.519,-239.014,-39.185
0.211,-0.329,-0.563,164.368,-247.070,-29.419
0.211,-0.250,-0.455,132.080,-269.958,-5.249
0.189,-0.208,-0.380,104.919,-290.588,19.531
0.150,-0.163,-0.323,83.191,-305.359,41.382
0.056,-0.042,-0.175,72.266,-313.354,60.791
-0.101,0.243,0.008,77.759,-312.073,74.707
-0.151,0.431,0.124,99.976,-299.866,77.209

-0.084,0.454,2.370,120.544,-338.440,26.428
0.055,0.310,2.451,94.177,-294.617,14.832
0.180,0.157,2.143,56.152,-243.591,11.658
0.294,0.079,1.636,19.714,-197.144,22.034
0.233,0.135,1.146,-6.836,-171.204,37.537
-0.095,0.364,0.926,-6.042,-163.452,52.795
-0.271,0.518,1.052,30.212,-171.265,62.073
-0.292,0.618,1.343,74.463,-183.228,54.810
-0.326,0.586,1.702,111.328,-187.683,36.194
-0.175,0.484,2.034,132.385,-184.448,20.630
0.001,0.385,2.192,133.911,-165.649,8.484
0.167,0.264,2.191,119.080,-135.864,3.723
0.276,0.179,2.015,84.778,-106.323,6.531
0.297,0.150,1.577,39.551,-78.247,10.864
0.242,0.118,1.072,6.226,-62.927,15.808
0.208,0.163,0.670,-10.559,-64.331,15.564
0.125,0.142,0.465,-11.292,-87.463,17.395
-0.098,0.212,0.376,1.892,-100.464,21.240
-0.243,0.339,0.615,29.907,-116.516,26.733
-0.310,0.408,1.067,67.627,-134.033,26.794
-0.316,0.451,1.484,92.773,-139.282,18.066
-0.243,0.438,1.775,102.905,-130.554,7.568
-0.126,0.365,1.831,100.037,-107.117,-3.540
-0.002,0.300,1.811,83.923,-82.397,-10.803
0.080,0.234,1.655,59.570,-65.796,-12.146
0.075,0.170,1.425,33.386,-54.016,-11.597
0.037,0.153,1.247,15.015,-49.927,-8.179
0.023,0.173,1.136,5.371,-52.307,-4.517
-0.021,0.201,1.081,4.028,-55.237,-3.052
-0.089,0.238,1.137,13.306,-56.396,-1.221
0.016,0.443,1.319,29.175,-55.603,0.549
0.734,1.558,3.131,74.158,-68.054,-8.545
-0.369,-0.002,3.563,131.531,-103.210,-17.883
-0.696,-0.604,1.720,-10.864,-15.442,-30.396
0.050,0.202,0.260,-101.257,99.731,-22.217
0.448,0.331,0.084,-20.386,102.112,16.296
0.131,0.123,0.860,41.809,19.043,24.414
0.213,0.179,0.665,26.367,12.085,2.075
0.141,0.150,0.692,13.489,3.357,-2.686
0.005,0.089,0.788,17.944,-9.644,0.610
0.003,0.195,0.849,13.550,-10.193,6.104
0.002,0.272,0.947,4.456,-14.221,7.690
-0.021,0.299,1.159,5.737,-21.545,3.967
-0.048,0.275,1.403,13.000,-19.714,-0.793
-0.058,0.254,1.651,20.081,-12.573,-0.916
-0.106,0.269,1.943,24.719,-3.357,1.282
-0.183,0.279,2.272,27.771,8.301,2.502
-0.242,0.291,2.629,27.832,22.766,3.235
-0.297,0.317,2.972,20.142,40.710,2.075
-0.409,0.349,3.296,6.287,62.683,-1.343
-0.533,0.352,3.651,-7.690,87.463,-4.272
-0.657,0.355,3.982,-23.682,115.356,-8.301
-0.752,0.359,4.000,-42.847,150.940,-15.747
-0.787,0.262,4.000,-61.584,195.312,-25.146
-0.817,0.103,4.000,-83.557,250.244,-36.072
-0.803,-0.122,3.752,-103.027,317.383,-44.312
-0.828,-0.328,3.188,-113.770,385.986,-43.945
-0.952,-0.483,2.640,-119.019,446.472,-36.621
-0.975,-0.518,2.126,-118.347,492.126,-21.912
-1.354,-0.416,1.738,-109.741,523.987,-5.981
-0.716,-0.558,0.972,-97.473,564.331,9.521
-0.989,-0.441,0.991,-92.773,523.071,13.000
-1.333,-0.146,0.684,-126.282,501.404,13.245
-1.195,-0.180,0.287,-137.451,492.920,14.587
-1.143,-0.255,0.010,-139.038,467.285,-0.977
-1.061,-0.307,-0.240,-164.795,437.317,-11.536
-1.049,-0.261,-0.385,-187.195,411.987,-12.878
-1.088,-0.143,-0.516,-173.767,397.217,-15.198
-1.021,-0.134,-0.691,-134.583,397.949,-14.038
-0.892,-0.138,-0.891,-91.187,401.978,-11.658
-0.796,-0.184,-1.074,-56.458,394.104,-10.864
-0.696,-0.200,-1.214,-40.161,374.634,-3.174
-0.728,-0.205,-1.346,-39.246,344.971,10.437
-0.674,-0.147,-1.529,-54.810,310.608,26.062
-0.504,-0.152,-1.849,-77.332,278.870,39.734
-0.491,-0.206,-2.098,-107.971,241.028,42.847
-0.416,-0.327,-2.338,-141.846,200.439,45.837
-0.388,-0.380,-2.568,-165.405,156.494,50.903
-0.497,-0.273,-2.761,-172.974,120.117,53.955
-0.474,-0.167,-2.951,-146.057,99.304,55.786
-0.392,-0.066,-3.114,-79.773,75.012,60.181
-0.285,0.056,-3.116,-6.226,34.851,62.134
-0.199,0.142,-2.892,49.133,-24.475,58.899
-0.093,0.196,-2.482,81.909,-93.323,50.537
-0.041,0.180,-2.000,95.154,-151.917,35.339
-0.052,0.124,-1.575,100.037,-192.749,20.752
-0.009,0.095,-1.229,101.379,-217.285,14.771
0.049,0.062,-1.002,100.647,-227.112,13.855
0.073,0.047,-0.896,98.572,-229.370,13.367
0.105,0.013,-0.891,94.971,-233.887,13.611
0.114,0.007,-0.856,88.806,-245.300,15.442
0.104,0.013,-0.784,86.121,-260.254,19.104
0.088,-0.004,-0.660,91.553,-273.804,24.475
0.065,-0.011,-0.492,103.271,-282.959,31.555
0.014,0.035,-0.271,113.708,-289.246,40.710
-0.011,0.094,-0.018,121.582,-292.419,49.194
0.026,0.141,0.238,124.573,-291.138,52.551
-0.008,0.177,0.413,114.014,-286.133,48.706
0.107,0.055,0.452,97.656,-273.315,38.940
0.103,-0.084,0.415,78.918,-267.273,37.354
-0.050,-0.051,0.248,59.509,-260.071,49.194
-0.281,0.186,0.114,58.838,-258.606,67.566
-0.517,0.449,0.321,81.177,-290.039,83.984
-0.590,0.656,0.868,105.530,-337.830,78.369
-0.574,0.635,1.543,121.338,-366.028,52.246
-0.445,0.498,1.984,129.028,-363.892,24.597
-0.301,0.417,2.293,118.286,-348.511,8.911
-0.196,0.375,2.398,95.398,-313.171,5.127
-0.106,0.326,2.277,74.097,-260.559,12.817
0.019,0.308,1.948,54.749,-210.022,26.123
-0.028,0.383,1.596,41.260,-173.523,34.241
-0.223,0.447,1.484,46.692,-161.011,36.499
-0.343,0.565,1.564,64.026,-170.349,38.025
-0.346,0.722,1.787,80.017,-183.289,28.992
-0.248,0.709,2.044,94.360,-186.951,8.423
-0.060,0.610,2.313,102.051,-179.932,-10.620
0.299,0.461,2.483,93.079,-160.889,-23.621
0.214,0.240,2.200,63.904,-134.155,-29.724
0.237,0.204,1.939,23.804,-115.540,-25.452

0.002,0.643,1.849,116.028,-43.274,-23.071
-0.245,0.064,1.735,95.154,-13.428,-18.799
0.132,0.126,1.303,32.898,16.968,-2.380
0.217,0.298,0.993,-13.184,23.621,13.489
0.136,0.413,0.767,-29.358,18.372,16.418
0.061,0.379,0.690,-22.522,10.071,9.705
0.093,0.344,0.664,-4.456,6.775,3.235
0.086,0.295,0.767,18.005,0.000,-1.221
0.042,0.251,1.016,35.706,-6.775,-3.174
0.034,0.331,1.244,39.734,-7.141,-3.784
0.016,0.392,1.540,37.781,-5.798,-4.517
-0.015,0.425,1.908,36.682,-3.235,-6.287
-0.038,0.464,2.286,34.668,4.761,-9.338
-0.045,0.480,2.604,31.311,22.583,-12.634
-0.036,0.441,2.778,23.621,50.232,-17.395
-0.018,0.354,2.770,11.230,86.243,-21.606
0.032,0.284,2.636,-0.305,123.840,-21.362
0.065,0.248,2.435,-10.193,158.020,-17.944
0.077,0.231,2.241,-14.465,186.951,-14.404
0.068,0.230,2.171,-7.385,206.604,-9.094
0.043,0.210,2.263,6.714,217.285,-3.845
-0.001,0.197,2.486,16.479,223.267,-0.549
0.027,0.126,2.634,14.282,233.398,1.099
0.049,0.036,2.651,-4.211,249.878,0.305
0.001,-0.078,2.530,-32.959,271.484,0.427
-0.106,-0.130,2.370,-61.829,292.603,5.676
-0.402,-0.118,2.193,-84.167,315.002,13.550
-0.244,-0.141,1.694,-98.694,360.168,22.644
0.020,-0.322,1.498,-101.501,376.709,29.297
-0.325,-0.246,1.328,-114.502,361.450,29.968
-0.411,-0.225,1.087,-123.657,383.301,46.326
-0.708,-0.096,0.978,-117.737,395.325,65.063
-0.392,0.097,0.805,-105.591,410.950,72.876
-0.312,0.001,0.723,-84.778,405.823,71.289
-0.372,-0.077,0.689,-86.975,393.494,61.279
-0.410,-0.171,0.588,-117.737,385.620,53.894
-0.430,-0.195,0.343,-151.245,377.930,51.270
-0.428,-0.196,0.091,-164.124,375.183,52.429
-0.424,-0.146,-0.121,-156.128,371.277,55.115
-0.363,-0.048,-0.193,-136.902,361.084,59.448
-0.355,0.011,-0.154,-115.112,343.018,64.514
-0.247,0.074,-0.107,-104.736,320.984,67.261
-0.317,0.152,-0.061,-110.718,294.006,63.782
-0.218,0.164,-0.132,-125.610,279.541,53.772
-0.218,0.153,-0.315,-136.108,267.700,41.687
-0.186,0.092,-0.521,-138.489,258.301,34.302
-0.160,0.005,-0.691,-131.958,250.610,32.898
-0.190,-0.016,-0.841,-125.305,238.220,34.790
-0.259,-0.019,-0.991,-125.488,221.985,40.466
-0.339,0.023,-1.259,-132.568,206.177,45.532
-0.534,0.080,-1.566,-142.029,187.744,44.495
-0.563,0.175,-1.899,-146.118,172.729,36.804
-0.641,0.169,-2.261,-128.662,156.616,27.771
-0.679,0.210,-2.569,-99.121,135.193,14.404
-0.646,0.217,-2.791,-64.514,100.586,2.136
-0.574,0.220,-2.859,-31.860,58.533,-8.789
-0.532,0.177,-2.792,-8.118,13.184,-17.822
-0.442,0.123,-2.600,9.155,-38.696,-21.423
-0.351,0.112,-2.323,17.944,-94.177,-17.944
-0.278,0.102,-2.043,19.775,-140.747,-14.648
-0.218,0.113,-1.787,23.376,-177.917,-13.977
-0.189,0.129,-1.599,34.607,-205.933,-16.052
-0.194,0.078,-1.414,53.589,-226.257,-20.386
-0.155,0.014,-1.280,70.007,-241.699,-24.658
-0.114,-0.006,-1.144,77.148,-256.714,-27.283
-0.093,-0.031,-1.004,81.238,-272.400,-29.541
-0.075,-0.089,-0.878,86.365,-285.095,-30.640
-0.078,-0.126,-0.747,87.402,-296.509,-25.696
-0.088,-0.131,-0.623,86.609,-307.190,-15.076
-0.104,-0.107,-0.492,88.989,-314.575,-6.104
-0.124,-0.064,-0.354,93.384,-320.190,0.488
-0.156,-0.060,-0.175,99.487,-323.486,5.676
-0.165,-0.052,0.041,104.553,-323.425,9.766
-0.170,-0.062,0.127,104.797,-318.054,11.475
-0.161,-0.076,0.131,99.121,-313.110,10.010
-0.168,-0.104,0.115,95.215,-315.552,8.118
-0.214,-0.118,0.150,97.595,-325.684,10.071
-0.327,-0.038,0.267,103.271,-339.417,13.062
-0.412,0.026,0.584,118.652,-353.638,17.029
-0.433,0.065,1.000,134.949,-369.446,18.738
-0.400,0.103,1.383,139.282,-373.108,13.306
-0.340,0.085,1.625,134.888,-362.610,5.859
-0.222,0.035,1.691,121.460,-343.445,0.305
-0.205,0.073,1.679,105.835,-318.054,-0.427
-0.216,0.083,1.858,104.431,-304.077,8.606
-0.098,0.157,1.973,101.196,-296.021,19.592
-0.040,0.223,1.934,91.248,-278.687,20.996
-0.032,0.176,1.852,83.130,-259.705,17.517
0.002,0.158,1.751,80.017,-245.850,17.334
-0.009,0.193,1.671,83.801,-231.262,20.386
-0.058,0.222,1.686,91.858,-216.553,23.804
-0.001,0.224,1.667,95.337,-201.355,26.489
-0.057,0.217,1.729,93.689,-188.965,27.649
-0.131,0.230,1.949,91.248,-185.364,30.334
-0.102,0.292,2.112,86.792,-175.903,32.898
-0.262,0.279,2.149,80.627,-156.677,30.579
-0.069,0.359,2.174,69.885,-139.954,22.400
0.101,0.356,2.132,56.213,-133.606,19.104
0.038,0.345,1.877,38.452,-101.929,10.681
0.092,0.314,1.551,25.879,-79.956,8.789
0.059,0.329,1.286,19.897,-69.519,8.057
-0.014,0.338,1.132,19.775,-69.641,6.470
-0.073,0.361,1.239,28.809,-76.477,6.042
-0.051,0.374,1.511,39.063,-86.914,3.235
-0.026,0.335,1.795,41.626,-88.135,-1.587
0.057,0.272,1.953,35.217,-77.515,-3.113
0.142,0.231,1.963,20.386,-59.998,-1.343
0.193,0.180,1.758,-0.732,-38.208,2.625
0.172,0.203,1.443,-20.325,-19.653,7.324
0.122,0.251,1.075,-32.349,-10.742,10.254
0.068,0.293,0.775,-30.151,-6.714,8.423
0.028,0.329,0.653,-15.137,-11.963,5.615
0.167,0.850,1.066,13.977,-26.062,-1.282
0.146,0.728,2.042,86.365,-39.612,-26.489
-0.166,0.016,2.118,77.026,-42.419,-32.349
0.043,0.004,1.129,-34.302,1.831,-30.884
0.179,0.166,0.560,-54.382,40.771,-15.198
0.120,0.162,0.677,0.061,18.066,19.470
0.083,0.340,0.983,12.207,-16.907,28.076

-0.080,0.361,2.175,11.902,45.349,-2.808
-0.015,0.318,2.260,13.489,67.383,-7.874
0.018,0.264,2.297,13.611,92.896,-11.963
0.035,0.206,2.256,11.963,118.408,-12.146
0.047,0.180,2.154,7.324,143.921,-10.010
0.064,0.166,2.017,4.822,166.809,-6.226
0.066,0.145,1.912,6.042,184.570,-3.052
0.073,0.131,1.846,4.211,196.228,-0.061
0.075,0.141,1.830,-1.282,202.148,2.380
0.067,0.124,1.878,-6.165,203.613,3.784
0.076,0.124,1.950,-10.132,206.055,5.188
0.079,0.070,2.015,-15.198,213.196,6.348
0.057,0.040,2.096,-25.208,222.595,7.690
0.057,0.039,2.073,-37.842,237.061,10.376
0.054,-0.018,1.952,-51.208,258.118,12.390
-0.154,-0.047,1.825,-67.322,280.029,13.367
-0.290,-0.069,1.593,-79.285,309.021,19.531
0.119,-0.113,1.139,-79.651,341.125,34.180
-0.068,-0.151,1.171,-72.205,331.238,34.058
-0.159,0.011,1.263,-85.022,300.903,32.959
-0.164,-0.004,1.166,-87.341,303.406,36.621
-0.306,0.004,1.237,-74.219,301.514,36.560
-0.019,-0.043,1.217,-72.205,302.429,37.354
0.020,-0.149,1.221,-83.679,296.448,34.119
-0.042,-0.204,1.106,-105.835,301.147,28.870
-0.115,-0.252,0.860,-123.169,318.970,30.823
-0.156,-0.235,0.532,-130.798,338.501,35.156
-0.229,-0.173,0.182,-121.765,353.455,40.588
-0.198,-0.088,-0.043,-97.778,355.591,45.593
-0.146,-0.000,-0.085,-72.083,340.454,47.424
-0.091,0.054,0.023,-57.678,312.744,44.922
0.015,0.052,0.161,-58.350,285.095,39.490
-0.093,0.025,0.347,-72.571,259.644,30.823
-0.010,0.062,0.318,-96.558,251.892,24.475
0.086,-0.051,0.209,-108.154,254.333,23.804
0.029,-0.112,0.090,-111.755,259.949,27.527
0.005,-0.094,-0.072,-119.446,262.024,41.626
-0.083,-0.002,-0.235,-131.775,255.615,55.542
-0.258,0.057,-0.429,-143.921,252.014,61.951
-0.277,0.093,-0.752,-150.757,252.747,63.293
-0.329,0.135,-1.080,-152.283,248.474,60.120
-0.328,0.071,-1.451,-148.071,240.234,55.664
-0.403,-0.016,-1.788,-142.029,219.971,50.110
-0.482,0.032,-2.092,-140.381,196.960,41.382
-0.528,0.083,-2.416,-130.005,176.086,31.006
-0.549,0.155,-2.690,-106.445,152.344,20.630
-0.626,0.221,-2.917,-75.867,123.535,9.460
-0.620,0.310,-3.087,-42.114,86.975,0.244
-0.626,0.349,-3.064,-4.639,33.081,-2.441
-0.490,0.326,-2.819,28.931,-36.072,-1.892
-0.322,0.283,-2.462,45.410,-104.370,-1.770
-0.294,0.255,-2.018,46.936,-159.363,-5.066
-0.174,0.227,-1.578,52.124,-195.251,-8.667
-0.055,0.229,-1.232,74.341,-213.684,-10.742
0.033,0.156,-1.069,97.595,-219.666,-14.404
0.099,0.081,-0.888,99.792,-229.431,-15.503
0.151,0.061,-0.727,90.454,-240.234,-12.024
0.172,0.039,-0.683,82.031,-247.559,-5.493
0.135,0.069,-0.605,67.749,-256.287,2.075
0.140,0.107,-0.545,51.636,-265.076,9.216
0.151,0.119,-0.476,41.138,-269.775,13.428
0.113,0.122,-0.406,38.635,-268.494,14.099
0.098,0.111,-0.368,48.401,-261.780,17.212
0.102,0.133,-0.322,66.711,-255.615,22.522
0.083,0.137,-0.249,83.984,-251.892,23.865
0.067,0.109,-0.168,95.764,-251.831,23.926
0.077,0.069,-0.125,99.548,-258.057,23.437
0.083,0.006,-0.107,94.788,-272.644,22.827
-0.001,-0.029,-0.048,82.581,-293.274,23.437
-0.173,0.072,0.084,70.618,-312.439,26.794
-0.350,0.257,0.300,77.515,-322.144,31.616
-0.415,0.347,0.571,108.704,-323.059,32.898
-0.344,0.323,0.875,140.259,-323.914,22.217
-0.273,0.202,1.129,155.579,-325.989,3.296
-0.168,0.041,1.244,148.437,-322.388,-14.343
-0.073,-0.124,1.192,125.427,-313.049,-22.156
-0.057,-0.149,1.028,98.206,-302.612,-14.465
-0.124,-0.101,0.869,83.801,-297.546,2.686
-0.380,0.002,0.877,85.693,-306.885,19.836
-0.705,0.159,1.127,102.295,-320.312,27.527
-0.778,0.289,1.422,134.216,-325.745,23.926
-0.665,0.270,1.835,166.565,-323.669,3.662
-0.509,0.104,2.363,188.171,-313.538,-20.874
-0.225,-0.027,2.773,195.557,-284.668,-32.532
0.042,-0.081,2.940,180.115,-239.807,-29.907
0.250,-0.089,2.708,134.033,-187.256,-20.874
0.326,-0.070,2.165,71.533,-143.066,-12.024
0.190,-0.033,1.596,19.226,-120.667,-5.432
-0.061,0.059,1.259,-2.502,-117.676,-3.296
-0.252,0.182,1.268,11.108,-127.136,-2.502
0.029,0.270,1.568,48.645,-140.625,-1.465
-0.001,0.294,1.862,81.970,-144.958,-10.681
0.075,0.223,2.263,93.140,-139.526,-19.897
0.158,0.139,2.363,86.060,-117.981,-20.691
0.224,0.123,2.239,59.570,-86.060,-16.907
0.251,0.127,1.946,26.428,-58.350,-11.169
0.271,0.131,1.628,-1.770,-41.565,-8.301
0.254,0.139,1.332,-18.372,-31.799,-6.958
0.251,0.131,1.070,-20.752,-25.696,-4.944
0.211,0.116,0.880,-12.878,-26.184,-1.404
0.113,0.158,0.826,-3.235,-33.264,4.333
0.045,0.245,0.965,10.315,-43.579,10.864
0.034,0.318,1.186,23.254,-52.124,13.428
0.045,0.324,1.343,30.273,-49.683,10.559
0.057,0.288,1.395,31.494,-39.551,6.104
0.080,0.253,1.402,26.550,-31.799,3.662
0.069,0.233,1.406,18.311,-26.733,3.723
0.085,0.220,1.351,11.169,-18.311,2.930
0.083,0.174,1.260,6.287,-10.254,1.953
0.075,0.173,1.196,-0.122,-8.972,1.953
0.073,0.191,1.179,-3.113,-9.094,3.296
0.047,0.212,1.219,-0.549,-8.728,3.540
0.025,0.243,1.324,0.916,-6.958,1.648
0.064,0.178,1.398,3.906,-3.601,0.488
0.007,0.141,1.575,3.784,-5.737,3.418
-0.035,0.173,1.796,0.793,-5.066,9.644
-0.048,0.225,2.002,-0.793,2.441,14.709
-0.055,0.248,2.132,-2.991,21.240,15.503
-0.075,0.257,2.159,-7.263,44.922,12.329

-0.134,0.232,2.252,-20.996,101.563,3.723
-0.118,0.224,2.327,-25.085,116.272,3.418
-0.068,0.208,2.335,-26.672,135.315,3.540
-0.054,0.162,2.316,-29.358,156.677,2.014
-0.033,0.120,2.276,-31.433,176.514,2.380
-0.022,0.061,2.208,-30.701,195.740,4.883
-0.022,-0.004,2.144,-32.959,213.135,7.996
-0.018,-0.072,2.101,-40.100,225.830,11.902
-0.046,-0.101,1.999,-52.429,236.633,15.076
-0.104,-0.104,1.913,-65.552,246.399,16.479
-0.120,-0.099,1.928,-69.946,251.465,18.799
-0.109,-0.116,1.876,-72.998,261.475,21.118
-0.069,-0.148,1.734,-78.369,278.992,24.109
-0.204,-0.104,1.589,-82.397,294.800,29.419
-0.224,-0.123,1.417,-86.304,313.293,38.025
-0.222,-0.175,1.115,-95.886,326.843,42.908
-0.474,-0.014,0.964,-100.586,331.421,42.542
-0.244,-0.062,0.733,-92.102,338.745,49.133
-0.258,-0.170,0.840,-82.581,316.650,44.189
-0.250,-0.132,0.905,-97.229,298.889,43.518
-0.216,-0.121,0.795,-135.193,300.903,44.617
-0.189,-0.131,0.682,-165.466,298.340,39.673
-0.296,-0.138,0.539,-178.772,295.166,32.410
-0.363,-0.074,0.253,-181.152,310.791,27.527
-0.335,-0.009,-0.039,-159.241,327.454,23.437
-0.320,0.021,-0.185,-116.577,335.083,20.142
-0.223,0.092,-0.178,-76.294,332.031,19.897
-0.141,0.113,-0.115,-49.377,317.505,21.973
-0.181,0.116,0.008,-42.603,297.119,20.874
-0.123,0.173,0.109,-53.467,280.823,18.555
0.001,0.131,0.065,-72.083,273.315,20.569
-0.036,0.049,-0.071,-94.910,271.606,18.250
-0.057,0.065,-0.245,-115.906,272.888,23.499
-0.086,0.076,-0.461,-125.061,272.339,32.959
-0.167,0.089,-0.722,-131.104,270.630,39.551
-0.288,0.143,-1.067,-138.245,267.212,42.480
-0.241,0.120,-1.513,-138.733,261.414,41.138
-0.305,0.153,-1.866,-132.812,242.676,36.682
-0.198,0.076,-2.282,-118.896,215.637,38.208
-0.291,0.080,-2.569,-105.530,177.124,32.959
-0.323,0.085,-2.750,-99.243,128.357,26.917
-0.281,0.102,-2.804,-92.163,69.397,29.053
-0.266,0.161,-2.715,-80.750,10.010,33.752
-0.288,0.318,-2.571,-60.425,-36.560,32.898
-0.224,0.411,-2.366,-23.499,-71.899,26.794
-0.126,0.383,-2.074,20.996,-105.835,16.113
-0.060,0.341,-1.725,54.932,-137.268,5.310
0.005,0.325,-1.388,78.125,-162.292,0.671
0.085,0.261,-1.093,96.069,-179.321,-1.526
0.166,0.186,-0.857,101.868,-191.528,-2.991
0.227,0.145,-0.742,92.346,-200.073,-2.808
0.253,0.110,-0.752,75.073,-206.482,-1.526
0.271,0.090,-0.787,57.312,-214.355,1.953
0.254,0.078,-0.773,44.006,-226.440,8.606
0.208,0.090,-0.737,37.476,-238.586,17.212
0.161,0.140,-0.718,39.551,-245.667,25.574
0.106,0.160,-0.664,48.584,-250.671,29.968
0.053,0.144,-0.562,61.035,-256.714,29.907
0.004,0.220,-0.460,76.538,-261.047,28.992
-0.026,0.266,-0.374,96.252,-262.695,25.269
-0.041,0.258,-0.194,116.699,-270.142,18.372
-0.045,0.252,0.163,131.836,-281.677,10.132
0.008,0.215,0.446,137.939,-284.851,3.235
0.040,0.179,0.644,136.353,-278.687,-3.296
0.070,0.110,0.754,129.150,-269.714,-7.568
0.112,0.022,0.733,116.821,-262.756,-6.592
0.089,0.013,0.626,100.159,-262.451,-0.732
-0.032,0.069,0.590,87.341,-268.982,9.399
-0.153,0.152,0.612,83.008,-280.945,19.104
-0.199,0.262,0.618,82.581,-290.527,18.494
-0.217,0.254,0.685,93.079,-295.166,9.705
-0.262,0.243,1.027,115.906,-298.340,0.793
-0.206,0.175,1.629,143.433,-306.274,-0.366
-0.083,0.153,2.056,147.522,-297.913,1.587
-0.018,0.131,2.181,124.451,-267.517,0.916
0.099,0.129,1.999,88.318,-232.666,4.150
0.210,0.174,1.656,53.528,-203.979,10.437
0.198,0.223,1.316,27.527,-182.434,14.771
0.113,0.220,1.078,20.813,-172.363,18.127
0.007,0.236,0.944,28.870,-170.410,22.095
-0.167,0.337,1.021,47.913,-171.326,24.048
-0.229,0.367,1.310,78.430,-182.068,24.780
-0.161,0.408,1.639,101.990,-193.359,20.569
-0.110,0.419,1.904,109.009,-189.270,11.719
-0.089,0.362,2.128,104.675,-175.903,4.395
-0.078,0.299,2.123,86.365,-160.095,1.343
0.074,0.336,1.886,50.781,-147.156,-3.052
0.024,0.310,1.723,20.935,-144.409,-3.357
-0.033,0.244,1.447,4.089,-112.427,-5.615
-0.042,0.287,1.172,0.122,-92.285,-1.160
-0.139,0.395,1.178,12.207,-94.116,3.845
-0.175,0.454,1.446,34.668,-110.901,4.089
-0.189,0.481,1.774,52.246,-117.004,-2.075
-0.102,0.441,2.007,57.129,-103.149,-11.597
-0.055,0.362,2.110,49.194,-80.933,-16.174
-0.016,0.322,1.996,27.832,-54.810,-15.442
0.048,0.285,1.736,5.249,-26.794,-13.062
0.094,0.227,1.463,-8.850,-7.202,-10.559
0.126,0.179,1.188,-15.015,2.869,-7.935
0.129,0.149,0.932,-13.184,8.728,-4.333
0.228,0.397,0.824,-4.333,6.836,-0.488
0.125,0.768,1.390,42.603,-5.432,-14.160
-0.144,0.295,1.653,106.445,-1.221,-35.156
0.054,0.075,1.581,72.815,14.771,-25.146
0.233,0.126,1.330,5.798,13.977,-11.597
0.084,0.151,1.057,-28.564,8.118,0.610
0.173,0.287,0.788,-37.048,15.686,11.230
0.104,0.316,0.711,-25.879,10.559,15.808
0.061,0.284,0.732,-8.667,3.479,13.489
0.045,0.249,0.764,4.089,-0.122,8.606
0.047,0.232,0.842,11.902,-3.845,5.493
0.048,0.231,0.957,16.479,-7.141,4.089
0.032,0.260,1.073,17.883,-7.935,3.906
0.029,0.286,1.173,19.104,-6.287,4.456
0.020,0.318,1.290,22.095,-2.625,4.761
0.001,0.337,1.489,27.771,2.075,4.333
-0.023,0.362,1.669,31.372,9.460,3.357
-0.004,0.372,1.791,28.381,22.827,0.305
0.016,0.362,1.899,23.682,35.156,-2.686

0.037,0.275,2.293,12.207,105.286,-15.869
0.048,0.212,2.356,7.690,121.643,-15.747
0.036,0.181,2.420,-1.038,138.062,-13.184
0.011,0.180,2.471,-13.794,153.320,-10.071
0.001,0.157,2.473,-28.748,168.945,-7.996
-0.026,0.125,2.448,-44.800,186.829,-8.179
-0.084,0.089,2.434,-59.021,205.872,-8.850
-0.127,0.053,2.432,-67.627,225.769,-7.935
-0.153,0.024,2.433,-72.021,243.652,-4.822
-0.182,0.010,2.367,-77.515,264.709,-3.418
-0.506,0.013,2.328,-84.045,290.100,-4.211
-0.046,0.007,1.955,-85.815,333.862,-1.526
-0.011,-0.282,1.860,-79.407,344.482,2.563
-0.505,-0.117,2.070,-110.229,322.754,-4.028
-0.432,-0.112,1.741,-115.295,357.361,12.634
-0.677,0.036,1.586,-109.924,386.414,22.766
-0.476,-0.022,1.336,-100.037,420.532,20.691
-0.577,-0.104,1.307,-88.074,423.889,19.287
-0.673,-0.080,1.172,-101.685,425.964,22.827
-0.679,-0.097,0.961,-123.840,431.763,26.917
-0.682,-0.129,0.719,-146.912,428.040,28.931
-0.698,-0.200,0.463,-174.805,414.429,29.602
-0.777,-0.217,0.229,-205.627,395.752,29.907
-0.843,-0.170,0.106,-224.304,376.587,33.203
-0.733,-0.128,-0.014,-231.323,360.107,36.987
-0.870,-0.080,-0.029,-238.098,341.431,33.630
-0.754,-0.037,-0.201,-248.291,333.862,25.513
-0.722,-0.233,-0.430,-253.662,326.538,13.062
-0.765,-0.275,-0.719,-256.836,321.228,1.831
-0.724,-0.335,-1.112,-249.451,320.740,-4.761
-0.713,-0.485,-1.472,-232.300,308.533,-9.521
-0.699,-0.515,-1.869,-216.370,291.687,-13.489
-0.772,-0.581,-2.263,-193.054,272.766,-16.541
-0.731,-0.600,-2.679,-166.016,250.305,-24.658
-0.767,-0.603,-3.130,-130.615,226.624,-35.095
-0.761,-0.660,-3.550,-82.825,200.867,-49.744
-0.726,-0.722,-3.844,-22.278,154.114,-53.040
-0.587,-0.727,-3.895,24.414,78.369,-35.461
-0.495,-0.626,-3.518,44.495,-16.663,-6.165
-0.503,-0.429,-2.980,39.551,-105.042,17.334
-0.355,-0.268,-2.408,33.508,-173.279,29.602
-0.338,-0.105,-1.747,44.128,-223.328,34.119
-0.260,-0.017,-1.246,89.233,-234.436,25.452
-0.105,-0.206,-1.159,153.442,-224.365,12.512
-0.063,-0.218,-0.848,163.574,-234.314,7.202
0.006,-0.176,-0.718,138.123,-246.460,3.235
0.053,-0.218,-0.660,121.338,-257.935,-1.465
0.068,-0.286,-0.612,106.995,-269.714,-0.610
0.084,-0.310,-0.568,95.947,-277.344,8.972
0.055,-0.271,-0.532,90.942,-282.349,22.705
-0.003,-0.199,-0.474,95.276,-284.607,34.363
-0.065,-0.102,-0.408,108.215,-285.522,41.077
-0.153,-0.024,-0.311,128.418,-286.560,44.189
-0.220,-0.029,-0.224,153.442,-288.330,44.312
-0.312,0.151,-0.079,183.350,-295.898,46.082
-0.352,0.226,0.187,208.862,-308.716,37.109
-0.289,0.082,0.417,220.886,-322.449,14.404
-0.161,-0.101,0.642,215.698,-335.999,-5.310
-0.035,-0.330,0.786,199.280,-344.421,-13.000
-0.039,-0.413,0.884,169.800,-349.731,-3.357
-0.161,-0.281,0.985,135.071,-348.755,17.212
-0.252,-0.065,1.008,108.093,-342.590,34.668
-0.314,0.075,0.999,90.698,-334.229,37.537
-0.375,0.110,1.117,92.407,-330.139,31.189
-0.378,0.066,1.364,109.985,-329.529,24.170
-0.294,0.018,1.638,123.962,-322.632,20.447
-0.174,0.006,1.800,125.488,-306.335,21.179
-0.100,0.023,1.838,118.774,-281.311,26.062
-0.006,0.072,1.806,109.680,-256.287,34.119
-0.025,0.126,1.716,97.107,-238.098,40.161
-0.160,0.203,1.748,84.534,-227.112,43.152
-0.192,0.302,1.843,80.688,-221.313,43.823
-0.179,0.377,1.881,77.332,-211.670,37.354
-0.154,0.372,1.926,73.059,-197.937,25.574
-0.056,0.341,1.958,72.021,-184.570,16.479
0.016,0.299,1.941,67.200,-168.213,11.780
0.031,0.277,1.930,58.167,-151.245,12.268
0.082,0.280,1.820,48.889,-131.287,16.113
0.364,0.256,1.630,40.771,-110.291,18.372
0.136,0.249,1.384,33.752,-96.191,17.822
0.078,0.238,1.386,31.738,-99.243,18.738
-0.076,0.228,1.372,34.363,-99.731,20.386
-0.108,0.336,1.426,37.170,-97.778,23.071
-0.124,0.394,1.529,47.546,-95.886,22.034
-0.093,0.374,1.661,54.382,-96.863,14.587
-0.056,0.320,1.721,51.575,-89.783,7.324
-0.012,0.317,1.732,40.039,-78.125,3.113
0.035,0.322,1.655,24.719,-65.308,0.977
0.013,0.294,1.590,10.620,-54.016,0.671
0.038,0.263,1.498,0.305,-44.250,1.953
0.056,0.236,1.354,-10.132,-33.630,2.563
0.042,0.200,1.185,-19.958,-28.503,3.479
-0.041,0.205,1.062,-24.353,-28.442,5.310
-0.107,0.264,1.042,-16.846,-29.846,7.751
-0.118,0.299,1.132,0.732,-30.212,8.484
-0.010,0.487,1.372,18.799,-28.137,5.737
-0.004,0.839,2.330,61.279,-19.897,-7.263
-0.106,-0.031,2.356,110.840,9.521,-21.240
-0.032,-0.299,1.325,11.597,23.315,-5.981
0.171,0.226,0.678,-80.200,50.781,0.305
0.060,0.231,0.705,-57.495,22.522,17.700
0.026,0.242,0.799,-29.724,0.977,17.578
0.072,0.281,0.822,-17.578,9.521,7.446
0.055,0.183,0.901,3.357,11.353,4.700
0.038,0.179,1.030,15.259,6.836,6.226
0.007,0.211,1.173,12.085,1.953,8.728
-0.036,0.268,1.353,6.042,-2.014,10.559
-0.050,0.320,1.538,2.502,-0.366,8.057
-0.069,0.323,1.778,3.174,5.798,4.517
-0.068,0.334,2.009,5.127,16.968,2.502
-0.085,0.344,2.161,5.066,33.691,0.732
-0.083,0.340,2.239,0.610,54.199,-2.197
-0.082,0.329,2.258,-8.484,73.181,-5.066
-0.099,0.337,2.276,-19.409,89.294,-7.812
-0.086,0.327,2.283,-27.100,104.553,-10.742
-0.079,0.297,2.317,-32.837,119.080,-14.404
-0.063,0.277,2.338,-37.903,134.888,-16.663
-0.056,0.252,2.356,-40.955,153.259,-17.456
-0.063,0.218,2.349,-43.396,172.241,-17.334

-0.075,0.126,2.311,-51.514,210.632,-13.733
-0.099,0.066,2.266,-58.167,229.004,-11.414
-0.173,0.025,2.247,-64.697,244.934,-8.179
-0.203,0.013,2.292,-68.420,259.277,-3.906
-0.251,-0.068,2.297,-73.486,276.672,-0.549
-0.411,0.030,2.265,-86.060,305.298,0.610
-0.075,-0.234,2.002,-88.440,345.337,12.268
-0.300,-0.290,2.144,-98.083,340.515,7.874
-0.669,-0.248,2.004,-129.456,356.628,12.451
-0.447,-0.216,1.588,-143.677,399.231,29.968
-0.360,-0.383,1.357,-139.526,421.631,35.828
-0.583,-0.483,1.258,-148.376,424.011,39.063
-0.615,-0.499,0.969,-168.274,437.317,53.101
-0.698,-0.466,0.724,-183.167,449.402,66.895
-0.816,-0.371,0.474,-187.317,453.979,76.294
-0.878,-0.276,0.230,-182.739,452.881,81.238
-0.881,-0.219,-0.006,-170.837,444.641,79.834
-0.846,-0.125,-0.113,-159.241,424.805,74.036
-0.669,-0.085,-0.170,-151.917,397.644,66.467
-0.743,-0.129,-0.185,-153.687,363.892,55.359
-0.618,-0.026,-0.241,-172.607,338.623,44.556
-0.543,-0.114,-0.354,-187.744,313.904,39.856
-0.521,-0.145,-0.404,-193.665,295.410,34.241
-0.575,-0.119,-0.473,-196.655,291.565,27.100
-0.663,-0.095,-0.589,-187.378,296.509,24.780
-0.668,-0.144,-0.723,-170.166,305.359,24.475
-0.624,-0.203,-1.005,-163.513,307.007,23.254
-0.518,-0.344,-1.452,-171.570,299.377,26.184
-0.496,-0.518,-1.946,-179.443,272.339,32.410
-0.510,-0.505,-2.391,-195.496,230.652,39.551
-0.501,-0.491,-2.808,-211.548,178.467,41.870
-0.623,-0.364,-3.045,-205.078,122.681,40.894
-0.779,-0.236,-3.236,-169.312,78.674,30.823
-0.849,-0.175,-3.322,-111.145,45.898,16.785
-0.750,-0.069,-3.242,-33.813,7.080,10.376
-0.568,-0.006,-2.984,44.128,-33.630,2.563
-0.445,-0.017,-2.599,102.478,-76.477,-5.737
-0.293,-0.048,-2.190,140.503,-117.859,-11.841
-0.154,-0.109,-1.820,164.307,-160.217,-12.939
-0.095,-0.121,-1.448,171.265,-198.547,-9.949
-0.134,-0.158,-1.130,163.025,-228.821,-5.615
-0.122,-0.018,-0.961,143.311,-246.704,3.967
-0.100,0.014,-0.911,117.554,-252.441,7.080
-0.105,0.081,-0.838,91.980,-257.263,5.737
-0.105,0.099,-0.802,84.717,-263.062,1.038
-0.138,0.065,-0.760,92.285,-268.005,0.183
-0.135,0.044,-0.737,105.408,-269.592,2.563
-0.113,0.044,-0.631,118.408,-268.677,5.127
-0.124,0.009,-0.538,133.118,-269.836,4.272
-0.146,-0.005,-0.443,150.024,-272.400,4.883
-0.177,0.097,-0.358,167.480,-275.635,9.033
-0.243,0.111,-0.267,185.547,-280.212,9.583
-0.289,0.166,-0.082,204.895,-290.527,8.667
-0.316,0.162,0.177,217.407,-304.504,2.258
-0.332,0.115,0.441,212.402,-316.345,-11.475
-0.255,0.036,0.620,192.444,-322.021,-25.208
-0.196,-0.039,0.658,161.072,-328.369,-36.438
-0.250,0.014,0.691,131.348,-339.355,-34.729
-0.356,0.107,0.963,127.991,-350.525,-22.156
-0.377,0.121,1.221,143.860,-356.262,-9.094
-0.375,0.127,1.400,154.114,-352.112,-8.301
-0.328,0.097,1.557,157.349,-341.370,-12.085
-0.234,0.019,1.666,152.405,-328.186,-14.282
-0.211,0.042,1.689,136.414,-309.265,-15.747
-0.176,0.102,1.724,124.329,-289.307,-13.062
-0.112,0.105,1.810,120.605,-272.949,-13.123
-0.065,0.120,1.829,112.915,-253.052,-17.151
-0.042,0.111,1.957,104.370,-234.253,-17.029
0.036,0.119,2.063,96.191,-220.215,-11.719
0.136,0.141,2.031,76.965,-200.562,-8.179
0.197,0.134,1.882,52.368,-177.856,-4.272
0.237,0.152,1.647,33.142,-156.738,1.221
0.185,0.197,1.444,23.132,-140.076,7.874
0.091,0.269,1.384,27.649,-130.310,13.550
0.071,0.307,1.415,44.495,-126.099,16.052
0.088,0.295,1.408,58.960,-121.277,12.573
0.035,0.187,1.339,63.782,-118.958,7.507
0.151,0.308,1.446,60.425,-125.122,3.784
0.072,0.221,1.500,54.626,-141.235,1.709
0.034,0.262,1.632,41.809,-136.047,-0.488
0.024,0.274,1.726,39.124,-131.897,1.099
0.071,0.304,1.818,37.842,-122.559,0.488
0.106,0.271,1.830,30.884,-105.835,-2.075
0.162,0.226,1.693,21.118,-83.801,-2.258
0.129,0.237,1.521,13.428,-68.787,0.366
0.080,0.277,1.453,10.010,-62.561,3.967
0.065,0.287,1.436,9.949,-57.068,4.578
0.086,0.278,1.401,12.085,-49.194,3.418
0.089,0.245,1.337,13.916,-42.542,2.747
0.100,0.229,1.273,11.719,-38.635,2.747
0.053,0.248,1.223,6.104,-38.086,3.479
0.212,0.471,1.269,3.052,-36.072,3.174
0.543,1.001,2.018,32.715,-54.565,-7.996
-0.003,0.404,2.542,89.783,-74.341,-34.424
-0.484,-0.447,2.035,59.509,-28.503,-18.982
-0.062,-0.023,1.005,-23.987,36.682,5.981
0.201,0.342,0.654,-60.120,55.420,21.179
0.297,0.359,0.509,-48.035,37.292,18.250
0.174,0.273,0.512,-27.954,4.578,7.263
0.078,0.199,0.595,-11.169,-9.644,3.845
0.048,0.196,0.731,-0.305,-21.484,5.798
0.044,0.264,0.891,4.333,-28.870,6.958
0.057,0.320,1.004,4.395,-27.832,2.686
0.046,0.285,1.090,6.470,-25.513,-3.357
0.039,0.240,1.128,7.263,-20.935,-5.615
0.032,0.233,1.116,4.211,-13.062,-3.723
0.007,0.247,1.072,1.953,-6.958,-0.854
0.000,0.252,1.055,1.465,-4.272,1.953
-0.016,0.258,1.050,3.052,-2.991,3.418
0.033,0.297,1.074,6.531,0.061,3.540
0.039,0.310,1.148,12.024,1.038,1.648
0.027,0.283,1.242,17.639,3.296,-1.038
0.042,0.264,1.306,20.996,9.644,-2.075
0.016,0.248,1.417,21.301,15.137,-1.099
-0.025,0.281,1.579,17.151,18.860,0.916
-0.068,0.324,1.765,13.977,24.109,3.479
-0.085,0.352,1.952,13.855,34.180,3.967
-0.117,0.349,2.104,12.573,48.645,1.526
-0.122,0.319,2.203,7.690,66.833,-1.526

-0.140,0.260,2.369,-10.254,103.882,-5.493
-0.132,0.244,2.459,-21.179,123.779,-6.348
-0.113,0.198,2.467,-33.875,145.447,-6.104
-0.099,0.160,2.370,-52.246,169.861,-5.981
-0.099,0.156,2.286,-69.397,191.895,-3.540
-0.149,0.178,2.281,-78.735,208.557,0.854
-0.174,0.200,2.294,-82.825,224.609,6.042
-0.200,0.197,2.338,-84.961,241.089,8.911
-0.246,0.187,2.401,-86.487,255.249,9.644
-0.263,0.142,2.451,-88.013,269.470,9.705
-0.370,0.141,2.455,-93.262,286.011,6.897
-0.290,0.121,2.323,-101.501,317.871,1.648
-0.006,-0.039,2.181,-105.408,348.267,-2.319
-0.329,-0.227,2.187,-116.516,337.952,-5.066
-0.401,-0.261,1.930,-151.611,352.966,3.113
-0.796,-0.180,1.641,-176.208,381.104,14.160
-0.423,-0.228,1.273,-174.438,416.870,21.545
-0.545,-0.381,1.141,-162.415,413.086,23.071
-0.650,-0.276,1.050,-168.640,417.297,25.574
-0.697,-0.268,0.888,-179.443,430.237,32.104
-0.745,-0.307,0.721,-182.678,438.049,36.011
-0.808,-0.328,0.510,-189.209,437.988,38.086
-0.792,-0.427,0.257,-201.965,434.204,40.710
-0.859,-0.481,0.014,-219.849,420.471,45.105
-0.768,-0.412,-0.161,-241.394,400.330,53.284
-0.915,-0.394,-0.309,-256.592,372.253,55.847
-0.761,-0.267,-0.535,-270.081,357.056,52.734
-0.741,-0.164,-0.754,-264.709,339.844,43.457
-0.742,-0.094,-0.855,-240.784,324.402,32.654
-0.716,-0.143,-0.983,-213.074,310.547,20.630
-0.641,-0.206,-1.142,-190.186,296.448,6.531
-0.639,-0.341,-1.329,-170.105,283.386,-7.629
-0.488,-0.495,-1.522,-152.771,267.517,-13.184
-0.527,-0.602,-1.778,-140.869,249.817,-17.029
-0.481,-0.801,-2.157,-140.747,240.112,-25.208
-0.630,-0.911,-2.467,-145.691,220.764,-26.001
-0.745,-0.958,-2.804,-138.123,192.139,-13.000
-0.715,-0.839,-3.185,-102.234,154.724,15.991
-0.662,-0.549,-3.360,-41.199,104.614,47.241
-0.631,-0.240,-3.349,25.146,45.166,60.242
-0.558,-0.071,-3.101,80.261,-22.705,56.702
-0.533,-0.011,-2.663,104.370,-95.520,47.119
-0.486,0.013,-2.174,96.863,-155.212,32.898
-0.442,0.042,-1.705,82.336,-204.773,19.897
-0.359,0.055,-1.304,75.439,-238.281,8.362
-0.274,0.167,-0.855,81.055,-253.235,-2.563
-0.111,-0.017,-0.834,128.418,-244.995,-14.893
-0.057,-0.195,-0.789,166.748,-236.084,-19.409
0.014,-0.176,-0.769,148.254,-236.938,-10.376
0.018,-0.169,-0.782,135.803,-247.864,-0.488
-0.007,-0.139,-0.772,134.766,-257.874,10.681
-0.056,-0.126,-0.751,136.536,-267.334,19.470
-0.136,-0.055,-0.670,137.390,-280.457,25.330
-0.178,-0.008,-0.563,141.846,-291.809,30.273
-0.217,0.017,-0.432,151.489,-300.659,32.349
-0.214,0.118,-0.256,166.016,-304.443,34.058
-0.207,0.098,-0.124,184.204,-301.270,31.128
-0.161,0.100,0.007,206.177,-297.913,24.963
-0.151,0.001,0.131,222.290,-297.546,16.907
-0.207,-0.050,0.280,226.379,-301.941,12.146
-0.267,-0.023,0.505,219.604,-311.279,12.695
-0.264,0.023,0.676,202.637,-319.458,14.526
-0.255,0.115,0.775,180.298,-323.547,12.024
-0.276,0.172,0.931,167.786,-327.576,6.775
-0.262,0.202,1.129,164.429,-334.045,4.944
-0.319,0.274,1.384,164.490,-333.069,1.831
-0.318,0.332,1.760,168.518,-327.087,3.296
-0.138,0.298,2.013,166.382,-311.890,3.174
0.032,0.239,2.092,147.034,-284.485,-2.869
0.148,0.171,2.111,119.629,-259.766,-2.136
0.241,0.162,2.055,92.102,-241.150,8.545
0.233,0.231,1.927,63.660,-218.567,20.935
0.182,0.310,1.789,44.861,-193.481,31.555
0.178,0.370,1.563,41.260,-166.748,37.292
0.048,0.450,1.509,50.781,-148.254,38.818
-0.013,0.533,1.691,72.998,-146.118,38.391
0.050,0.537,1.845,90.820,-146.057,30.457
0.138,0.471,1.922,90.576,-138.245,18.311
0.213,0.398,1.885,76.477,-126.465,11.230
0.288,0.368,1.750,58.716,-112.000,12.024
0.237,0.310,1.482,40.955,-96.924,17.151
0.312,0.326,1.273,22.461,-85.449,20.874
0.326,0.312,1.096,6.226,-94.482,24.780
0.197,0.325,0.846,-8.179,-91.736,27.832
0.126,0.407,0.646,-8.972,-89.111,28.931
-0.021,0.458,0.703,16.418,-94.666,27.161
-0.137,0.526,1.031,50.964,-107.910,25.757
-0.113,0.507,1.402,79.102,-114.746,20.447
-0.047,0.461,1.745,87.891,-114.319,12.512
0.008,0.410,1.966,73.975,-106.628,7.202
0.023,0.374,1.958,45.776,-86.304,3.540
0.077,0.356,1.760,16.113,-61.340,5.188
0.103,0.345,1.534,-2.136,-39.856,10.010
0.100,0.327,1.342,-10.864,-26.917,13.672
0.103,0.327,1.156,-15.442,-19.043,15.686
0.085,0.358,0.982,-14.832,-12.207,16.479
0.097,0.366,0.871,-5.981,-8.850,15.320
0.095,0.342,0.850,6.042,-10.559,13.123
0.103,0.307,0.870,14.038,-14.954,10.925
0.415,0.824,1.177,21.179,-19.714,7.874
0.121,1.140,1.928,91.797,-30.579,-21.057
-0.133,0.330,2.271,144.836,-4.639,-32.593
-0.068,-0.162,1.974,80.872,41.809,-11.780
0.204,0.083,1.461,-15.869,68.420,13.794
0.243,0.187,1.125,-71.228,66.345,34.729
0.152,0.194,0.896,-90.149,56.885,48.035
0.188,0.289,0.700,-85.815,59.692,55.786
0.242,0.405,0.601,-66.589,57.678,58.533
0.152,0.426,0.785,-41.382,44.495,52.429
0.141,0.466,0.728,-20.996,40.833,40.588
0.105,0.559,0.752,-1.038,26.550,28.809
0.031,0.593,1.000,15.625,8.545,15.137
0.059,0.641,1.294,21.240,0.122,4.639
0.040,0.712,1.657,24.658,-3.235,-1.892
-0.001,0.881,2.161,27.893,-5.859,-10.193
0.014,0.980,2.688,23.926,-0.305,-23.376
0.007,0.934,3.107,13.367,19.836,-42.236
0.025,0.743,3.206,-5.249,62.195,-62.500
0.120,0.561,3.001,-31.006,115.479,-72.205

0.122,0.475,2.571,-56.091,192.444,-58.472
0.156,0.440,2.462,-58.105,216.064,-51.758
0.191,0.352,2.297,-63.599,234.375,-50.049
0.186,0.286,2.267,-73.303,245.117,-48.584
0.170,0.231,2.336,-83.435,250.488,-43.030
-0.209,0.202,2.292,-100.098,263.184,-39.368
0.120,0.154,1.899,-114.929,306.091,-35.767
0.274,-0.139,1.839,-109.131,325.317,-26.978
-0.075,-0.219,1.745,-116.516,310.303,-26.001
-0.167,-0.183,1.540,-137.512,327.209,-3.723
-0.195,-0.161,1.399,-141.785,342.773,20.203
-0.372,-0.056,1.287,-148.010,345.886,29.907
-0.278,0.050,1.172,-152.100,352.783,32.410
-0.419,-0.079,1.117,-144.897,355.347,30.884
-0.494,-0.058,1.093,-145.935,352.600,24.658
-0.451,-0.033,1.150,-153.259,349.792,22.766
-0.413,-0.082,1.128,-164.551,342.712,19.470
-0.422,-0.083,1.066,-179.443,338.379,14.893
-0.450,-0.056,1.045,-187.561,337.402,13.489
-0.441,-0.007,0.976,-193.848,336.914,13.184
-0.431,0.010,0.917,-201.477,336.121,11.353
-0.484,0.011,0.802,-210.693,334.595,7.507
-0.685,-0.127,0.675,-219.727,334.595,0.854
-0.705,-0.125,0.410,-231.262,342.224,-8.667
-0.700,-0.240,0.108,-237.183,352.112,-13.672
-0.813,-0.366,-0.194,-233.215,355.835,-16.968
-0.933,-0.434,-0.543,-228.577,359.802,-16.663
-0.890,-0.549,-0.952,-223.877,358.337,-15.076
-1.076,-0.720,-1.390,-219.238,346.313,-16.968
-1.157,-0.792,-1.948,-218.445,334.351,-18.005
-1.281,-0.988,-2.575,-207.153,317.749,-17.822
-1.430,-1.165,-3.154,-185.059,289.246,-17.883
-1.488,-1.215,-3.743,-162.048,247.681,-15.930
-1.483,-1.194,-4.000,-131.958,194.153,-9.766
-1.364,-1.154,-4.000,-85.449,128.418,2.319
-1.084,-0.860,-4.000,-18.921,53.650,26.245
-0.871,-0.574,-3.798,63.477,-25.940,45.471
-0.721,-0.402,-3.125,137.695,-105.957,48.828
-0.662,-0.267,-2.321,181.885,-180.298,44.556
-0.628,-0.170,-1.594,198.059,-238.403,40.588
-0.507,-0.102,-1.067,198.059,-268.616,27.161
-0.367,-0.135,-0.691,187.500,-280.273,10.010
-0.251,-0.142,-0.417,176.392,-278.503,-4.517
-0.133,-0.219,-0.364,168.823,-266.479,-16.174
-0.031,-0.282,-0.435,153.992,-253.540,-15.747
0.002,-0.301,-0.489,134.338,-248.596,-4.211
-0.015,-0.292,-0.510,120.178,-252.319,13.062
-0.064,-0.259,-0.503,115.784,-259.460,32.104
-0.186,-0.183,-0.418,119.263,-266.479,48.035
-0.263,-0.000,-0.307,129.761,-270.569,60.425
-0.319,0.122,-0.217,152.405,-272.339,65.491
-0.302,0.212,-0.081,176.636,-276.733,65.979
-0.304,0.247,0.049,194.092,-283.508,56.335
-0.230,0.273,0.264,207.581,-295.837,45.044
-0.172,0.205,0.558,214.417,-312.744,32.715
-0.147,0.133,0.827,206.238,-328.979,19.043
-0.145,0.106,0.913,179.810,-333.923,6.653
-0.144,0.155,0.890,150.818,-326.721,4.700
-0.143,0.204,0.889,141.724,-317.017,10.681
-0.139,0.291,0.858,150.391,-303.101,16.418
-0.209,0.432,0.971,166.870,-293.030,17.578
-0.191,0.447,1.349,187.439,-295.593,15.808
-0.100,0.403,1.687,190.857,-301.147,7.263
-0.001,0.379,1.946,169.189,-296.631,-5.066
0.111,0.306,2.004,138.184,-278.748,-11.108
0.222,0.260,1.936,108.704,-252.136,-6.897
0.292,0.284,1.797,85.327,-224.426,6.104
0.281,0.392,1.600,68.848,-197.327,21.057
0.234,0.493,1.452,63.538,-173.096,31.677
0.172,0.552,1.320,69.946,-154.541,33.691
0.083,0.612,1.297,82.825,-142.151,28.564
0.034,0.604,1.412,99.548,-144.897,22.583
0.053,0.605,1.552,108.337,-154.907,13.000
0.114,0.575,1.620,104.858,-155.518,1.099
0.209,0.495,1.648,96.619,-146.912,-8.301
0.317,0.402,1.672,86.487,-135.193,-10.315
0.352,0.357,1.624,71.228,-119.446,-6.958
0.206,0.263,1.376,54.993,-100.891,-0.427
0.292,0.321,1.214,39.368,-86.731,4.761
0.154,0.377,1.136,30.579,-93.384,13.611
0.033,0.456,1.235,40.771,-91.431,17.273
0.022,0.548,1.418,56.274,-97.473,21.423
0.047,0.572,1.631,67.200,-99.426,17.334
0.077,0.530,1.796,66.589,-95.032,8.118
0.137,0.474,1.824,57.861,-81.055,0.061
0.213,0.394,1.707,43.884,-58.716,-3.113
0.252,0.338,1.517,28.625,-36.560,-1.465
0.278,0.331,1.320,15.442,-21.606,4.150
0.246,0.309,1.137,6.165,-15.442,9.094
0.230,0.306,0.993,-0.671,-14.709,12.756
0.218,0.322,0.854,-3.967,-16.357,15.625
0.189,0.357,0.791,-1.648,-21.912,16.357
0.127,0.375,0.789,7.446,-27.954,14.893
0.075,0.384,0.877,21.057,-33.142,12.329
0.198,0.551,1.052,31.738,-37.109,9.033
0.432,1.333,1.949,72.083,-50.354,-10.437
-0.056,0.759,2.386,152.466,-44.556,-46.082
-0.139,-0.179,2.153,116.882,5.005,-37.842
0.265,-0.081,1.436,17.456,46.692,-7.935
0.420,0.247,0.919,-53.528,50.781,13.428
0.241,0.332,0.717,-69.946,31.982,22.644
0.136,0.339,0.569,-60.730,17.395,25.818
0.210,0.381,0.483,-37.415,13.245,22.400
0.228,0.414,0.575,-7.202,4.089,16.846
0.171,0.398,0.772,16.907,-6.042,10.681
0.134,0.397,0.999,24.963,-12.878,3.723
0.140,0.409,1.213,22.522,-14.282,-1.709
0.097,0.443,1.419,18.677,-13.733,-3.235
0.045,0.516,1.706,16.785,-10.132,-4.822
-0.008,0.565,2.072,18.188,-5.005,-8.606
-0.033,0.563,2.433,16.052,3.540,-15.686
-0.020,0.516,2.691,5.249,22.827,-24.170
0.009,0.419,2.806,-11.658,52.917,-29.846
0.007,0.320,2.832,-27.466,85.754,-33.630
-0.011,0.254,2.942,-36.560,112.366,-32.288
-0.049,0.241,3.124,-41.931,130.981,-26.672
-0.129,0.282,3.316,-49.194,149.414,-23.071
-0.169,0.278,3.601,-54.321,172.607,-23.804
-0.203,0.155,3.793,-61.951,201.172,-27.161

-0.240,-0.219,3.356,-120.605,283.447,-34.119
-0.349,-0.287,2.963,-145.508,322.388,-27.039
-0.515,-0.294,2.520,-157.227,356.079,-18.372
-0.820,-0.093,2.004,-154.358,401.855,-15.686
-0.114,-0.404,1.773,-121.216,444.702,-16.846
-0.681,-0.529,1.679,-96.680,407.593,-25.879
-0.947,-0.390,1.456,-105.347,433.777,-12.573
-0.561,-0.200,1.210,-93.567,455.261,7.507
-0.754,-0.337,1.022,-85.327,440.979,17.029
-0.927,-0.340,0.859,-112.671,419.250,17.395
-0.986,-0.208,0.688,-161.499,411.316,24.353
-1.201,-0.177,0.436,-199.036,408.691,26.794
-1.457,-0.177,-0.023,-210.999,423.218,24.536
-1.595,-0.151,-0.650,-197.449,449.158,22.339
-1.661,-0.068,-1.320,-168.518,463.928,14.038
-1.584,-0.009,-1.857,-134.888,457.581,2.319
-1.455,0.042,-2.175,-107.605,424.866,-9.766
-1.601,0.015,-2.336,-91.736,376.709,-25.574
-1.296,-0.071,-2.735,-95.154,338.623,-39.612
-1.009,-0.387,-2.982,-106.262,282.898,-43.518
-0.879,-0.704,-3.177,-131.165,224.243,-33.508
-0.932,-0.698,-3.340,-161.438,166.809,3.296
-0.747,-0.383,-3.369,-157.593,102.783,57.251
-0.708,-0.045,-3.276,-114.197,43.152,89.783
-0.667,0.187,-3.040,-46.753,-3.845,91.370
-0.539,0.312,-2.715,29.541,-46.143,80.505
-0.401,0.405,-2.293,98.999,-89.600,61.768
-0.252,0.427,-1.858,152.649,-132.568,38.696
-0.133,0.332,-1.349,178.833,-173.157,14.954
0.015,0.215,-0.896,171.265,-204.529,-3.418
0.173,0.089,-0.600,140.137,-221.191,-16.479
0.240,-0.024,-0.401,99.609,-230.896,-23.193
0.258,-0.055,-0.320,57.739,-233.643,-20.447
0.245,-0.031,-0.330,29.114,-232.361,-11.353
0.218,0.036,-0.349,15.686,-225.952,3.723
0.176,0.101,-0.372,24.109,-219.910,21.362
0.152,0.154,-0.368,48.157,-217.102,35.950
0.112,0.255,-0.320,72.876,-219.299,43.518
0.103,0.313,-0.242,88.379,-225.647,41.870
0.086,0.317,-0.136,98.450,-235.901,36.621
0.103,0.224,0.031,106.140,-248.413,27.710
0.165,0.161,0.217,107.483,-261.780,26.306
0.138,0.248,0.387,101.624,-268.311,30.884
0.150,0.270,0.566,97.412,-264.038,30.090
0.176,0.249,0.644,94.177,-257.324,30.029
0.201,0.248,0.616,88.623,-244.080,30.212
0.115,0.329,0.575,89.172,-233.459,33.630
0.031,0.500,0.692,101.929,-231.201,40.527
-0.023,0.521,0.935,122.742,-241.455,40.161
-0.014,0.607,1.185,130.188,-255.432,32.654
0.053,0.604,1.388,126.343,-256.409,16.418
0.143,0.487,1.514,117.615,-247.253,-0.916
0.271,0.378,1.524,102.661,-229.736,-8.789
0.354,0.264,1.388,83.679,-204.834,-6.592
0.353,0.221,1.255,63.843,-182.861,5.371
0.287,0.270,1.104,49.927,-168.884,21.606
0.156,0.383,1.005,44.006,-163.330,32.593
0.024,0.458,1.015,46.997,-169.556,34.790
-0.092,0.575,1.199,55.725,-183.411,29.907
-0.159,0.676,1.613,69.397,-199.890,21.118
-0.085,0.690,1.993,81.421,-207.703,9.521
0.049,0.613,2.193,82.520,-196.167,-3.479
0.188,0.511,2.195,74.524,-166.809,-13.367
0.323,0.373,1.987,64.087,-128.296,-13.611
0.713,0.275,1.661,48.035,-92.529,-6.348
0.357,0.244,1.240,27.649,-72.083,3.845
0.389,0.251,0.884,12.878,-63.660,13.733
0.090,0.341,0.728,8.484,-74.951,21.851
-0.035,0.542,0.918,17.090,-93.994,23.682
-0.140,0.646,1.181,38.147,-112.488,16.418
-0.078,0.665,1.530,56.030,-121.643,-1.160
0.001,0.555,1.804,62.927,-119.141,-17.212
0.122,0.457,1.864,55.664,-101.685,-25.757
0.210,0.403,1.754,43.091,-75.500,-24.536
0.183,0.389,1.546,30.090,-50.232,-17.273
0.206,0.396,1.291,19.470,-32.104,-11.047
0.214,0.370,1.056,15.259,-24.719,-8.789
0.192,0.307,0.886,13.306,-28.442,-10.010
0.225,0.298,0.781,9.094,-35.706,-11.108
0.324,0.474,0.812,8.057,-46.814,-11.353
0.398,1.456,1.814,44.861,-62.805,-35.278
-0.004,0.734,2.300,137.695,-63.110,-71.472
0.077,-0.290,2.009,138.000,-10.620,-60.669
0.602,-0.219,1.477,49.133,35.034,-28.442
0.492,0.077,1.069,-20.874,29.114,4.395
0.339,0.255,0.881,-55.176,2.014,19.958
0.122,0.338,0.720,-59.082,-7.324,26.123
0.219,0.351,0.503,-38.147,1.953,24.353
0.184,0.322,0.543,-10.864,-2.869,18.066
0.121,0.304,0.690,8.240,-9.949,11.780
0.145,0.290,0.761,16.357,-7.690,5.798
0.175,0.282,0.775,18.433,-5.371,1.587
0.158,0.328,0.848,17.700,-6.958,-1.892
0.117,0.386,0.968,20.874,-7.324,-3.174
0.109,0.385,1.045,28.320,-4.150,-3.113
0.133,0.334,1.064,31.738,-0.916,-1.892
0.167,0.300,1.071,24.902,-2.075,0.061
0.189,0.313,1.057,13.123,-5.371,2.441
0.203,0.360,1.022,3.418,-6.287,3.235
0.196,0.429,1.068,3.296,-5.188,3.601
0.191,0.478,1.216,14.465,-3.174,3.357
0.140,0.449,1.436,32.166,-0.671,1.709
0.143,0.431,1.661,47.363,4.517,1.587
0.117,0.416,1.946,54.016,11.414,1.465
0.097,0.439,2.205,49.133,21.301,-1.282
0.112,0.443,2.349,32.166,37.964,-7.080
0.130,0.392,2.400,13.184,59.082,-15.991
0.126,0.310,2.382,2.258,82.275,-20.874
0.121,0.246,2.383,-2.747,104.675,-19.653
0.111,0.220,2.403,-7.263,125.183,-15.381
0.049,0.222,2.442,-16.357,143.860,-12.268
0.008,0.240,2.550,-27.954,158.447,-11.719
0.004,0.232,2.661,-41.138,170.837,-13.489
-0.032,0.195,2.805,-57.617,184.143,-16.968
-0.067,0.160,2.936,-75.317,201.721,-18.921
-0.080,0.108,2.930,-94.543,228.271,-20.081
-0.079,-0.032,2.722,-114.197,262.878,-20.264
-0.157,-0.145,2.389,-134.216,298.645,-15.869
-0.417,-0.031,2.080,-146.790,331.787,-7.141

-0.453,-0.125,1.768,-162.598,347.656,7.324
-0.843,-0.055,1.608,-174.377,367.187,8.606
-0.388,-0.032,1.302,-167.603,399.963,2.991
-0.510,-0.319,1.053,-156.921,404.968,-0.732
-0.616,-0.325,0.930,-155.579,407.654,0.061
-0.579,-0.338,0.730,-162.903,410.767,13.672
-0.643,-0.388,0.485,-180.054,404.663,22.949
-0.725,-0.372,0.237,-205.750,389.954,28.748
-0.781,-0.367,-0.040,-231.934,372.192,35.034
-0.851,-0.327,-0.340,-253.601,354.309,38.147
-0.879,-0.201,-0.630,-265.320,335.937,39.856
-1.007,-0.073,-0.842,-261.475,311.340,38.208
-0.925,0.094,-1.036,-245.728,292.480,25.940
-0.781,0.139,-1.201,-221.130,276.978,8.118
-0.789,0.077,-1.315,-194.397,259.705,-19.592
-0.724,-0.115,-1.494,-175.598,250.183,-42.236
-0.650,-0.279,-1.688,-160.034,235.229,-51.086
-0.609,-0.391,-1.938,-144.592,216.797,-50.964
-0.508,-0.467,-2.233,-129.944,195.557,-46.326
-0.473,-0.579,-2.494,-118.713,168.701,-41.077
-0.451,-0.670,-2.717,-108.887,136.047,-31.555
-0.442,-0.606,-2.902,-96.680,100.403,-11.169
-0.312,-0.477,-2.979,-71.289,59.814,9.827
-0.228,-0.347,-2.908,-27.100,10.498,25.696
-0.177,-0.257,-2.630,11.536,-39.795,30.457
-0.101,-0.204,-2.292,42.786,-88.623,32.104
-0.031,-0.156,-1.913,70.923,-128.174,31.555
0.027,-0.096,-1.528,93.445,-158.630,29.724
0.092,-0.118,-1.178,115.662,-181.030,25.635
0.169,-0.093,-0.874,125.122,-195.190,23.132
0.229,-0.098,-0.667,121.887,-202.026,19.470
0.282,-0.142,-0.540,112.305,-204.163,17.212
0.309,-0.179,-0.490,98.816,-204.346,20.935
0.311,-0.153,-0.476,85.327,-203.247,29.968
0.308,-0.114,-0.464,79.468,-200.256,41.626
0.279,-0.046,-0.437,83.557,-197.510,53.162
0.242,0.039,-0.369,94.421,-195.496,62.439
0.211,0.143,-0.281,110.107,-193.481,69.763
0.185,0.278,-0.132,128.784,-192.749,73.975
0.176,0.396,0.051,148.193,-194.153,70.679
0.189,0.411,0.227,163.879,-196.533,60.974
0.265,0.424,0.463,170.288,-199.524,51.086
0.300,0.324,0.583,167.664,-198.792,34.668
0.338,0.312,0.686,153.931,-198.120,26.123
0.385,0.305,0.748,140.930,-195.129,24.536
0.421,0.231,0.805,130.737,-191.833,24.292
0.442,0.198,0.815,114.258,-187.134,27.954
0.431,0.223,0.788,96.680,-183.472,36.133
0.394,0.327,0.721,83.740,-181.335,45.532
0.333,0.410,0.798,82.336,-183.960,52.734
0.288,0.475,0.916,85.510,-190.308,52.734
0.281,0.521,1.001,82.581,-191.223,44.556
0.305,0.505,1.079,80.811,-185.974,35.522
0.349,0.462,1.080,83.435,-176.270,28.809
0.392,0.453,1.018,86.914,-163.025,24.658
0.417,0.420,0.955,91.248,-152.344,24.780
0.426,0.397,0.828,93.994,-144.226,25.635
0.378,0.423,0.713,94.116,-140.686,26.062
0.341,0.445,0.687,94.604,-144.470,26.672
0.280,0.490,0.703,95.032,-151.733,24.292
0.199,0.587,0.925,99.487,-161.926,20.447
0.189,0.616,1.250,108.398,-173.218,16.907
0.241,0.635,1.501,108.704,-175.720,10.010
0.299,0.587,1.606,99.426,-163.696,1.160
0.373,0.532,1.555,86.182,-143.738,-1.282
0.425,0.481,1.364,73.730,-123.291,2.502
0.421,0.472,1.122,63.477,-107.178,9.338
0.393,0.479,0.923,57.556,-98.083,16.113
0.333,0.492,0.764,56.580,-96.680,18.494
0.240,0.507,0.746,60.486,-103.699,17.639
0.112,0.437,0.794,64.270,-118.103,16.296
0.213,0.561,0.984,60.181,-129.578,9.460
0.135,0.544,1.086,59.875,-137.390,7.263
0.149,0.568,1.341,63.965,-134.583,4.944
0.131,0.582,1.486,66.467,-128.052,3.723
0.146,0.574,1.548,66.467,-114.624,3.174
0.158,0.526,1.478,62.195,-98.877,1.892
0.207,0.475,1.372,52.856,-85.388,0.916
0.214,0.429,1.223,41.016,-76.721,1.770
0.217,0.399,1.048,30.701,-72.815,4.578
0.161,0.416,0.963,25.513,-72.754,7.202
0.065,0.480,1.042,26.123,-78.796,9.277
0.020,0.536,1.275,30.396,-88.257,8.301
0.033,0.552,1.514,33.386,-91.370,2.258
0.056,0.538,1.698,32.471,-84.351,-4.333
0.082,0.498,1.727,26.245,-66.284,-9.216
0.168,0.439,1.641,19.104,-41.565,-9.766
0.181,0.382,1.510,12.329,-22.705,-6.226
0.200,0.380,1.373,5.737,-6.897,-3.174
0.262,0.539,1.334,4.944,3.418,-2.441
0.133,0.512,1.411,22.156,11.047,-9.827
0.167,0.274,1.154,30.884,28.442,-10.559
0.348,0.264,0.940,17.578,32.104,-3.235
0.317,0.313,0.991,3.113,12.451,0.061
0.212,0.397,1.092,-9.033,-8.301,1.892
0.182,0.480,1.171,-16.296,-13.611,2.319
0.156,0.518,1.240,-10.254,-7.446,0.488
0.138,0.527,1.345,3.845,3.357,-1.404
0.143,0.521,1.450,13.977,13.611,-3.418
0.156,0.505,1.549,14.038,21.729,-6.775
0.161,0.526,1.701,9.216,28.625,-10.132
0.177,0.540,1.857,2.502,33.813,-13.306
0.177,0.540,1.971,-5.676,42.419,-17.822
0.159,0.544,2.072,-12.085,55.298,-21.667
0.158,0.542,2.174,-14.954,72.571,-23.193
0.184,0.487,2.189,-18.188,92.834,-23.804
0.194,0.431,2.139,-27.283,114.258,-24.292
0.203,0.389,2.065,-38.635,134.338,-23.193
0.216,0.371,2.033,-46.753,151.489,-19.897
0.197,0.390,2.042,-52.246,165.161,-15.808
0.163,0.402,2.107,-56.030,177.490,-13.000
0.143,0.391,2.248,-58.899,189.941,-11.780
0.121,0.380,2.436,-64.880,202.454,-11.353
0.130,0.339,2.551,-78.186,217.285,-10.742
0.100,0.289,2.555,-99.365,235.901,-11.963
-0.039,0.208,2.540,-119.751,255.737,-12.756
-0.044,0.336,2.419,-134.460,300.049,-12.451
0.397,-0.143,1.794,-137.695,352.966,-7.019
-0.233,-0.193,1.911,-152.039,316.101,-13.733

-0.641,-0.502,-2.005,-172.607,237.366,15.198
-0.627,-0.536,-2.406,-154.785,215.576,17.090
-0.734,-0.538,-2.655,-127.136,184.814,15.991
-0.741,-0.450,-2.842,-95.581,149.048,15.198
-0.686,-0.384,-2.977,-59.082,105.408,9.277
-0.596,-0.294,-2.983,-25.330,57.678,3.357
-0.453,-0.193,-2.804,4.578,6.470,2.808
-0.311,-0.009,-2.431,31.799,-47.302,5.127
-0.193,0.055,-2.044,60.913,-93.628,-0.061
-0.057,0.112,-1.647,85.388,-127.747,-2.563
0.047,0.211,-1.277,105.408,-152.588,-2.625
0.135,0.312,-0.897,119.995,-172.119,-0.549
0.217,0.296,-0.630,126.038,-183.228,-2.258
0.308,0.345,-0.407,120.728,-184.143,-8.850
0.388,0.273,-0.395,109.253,-172.668,-22.400
0.439,0.119,-0.475,96.924,-160.400,-33.142
0.509,0.016,-0.629,85.205,-152.771,-29.358
0.505,-0.044,-0.760,74.951,-154.541,-17.761
0.460,-0.065,-0.815,64.880,-162.964,-3.174
0.379,-0.029,-0.824,57.007,-175.293,13.733
0.297,0.037,-0.840,55.786,-188.660,29.053
0.202,0.130,-0.797,59.509,-201.843,38.330
0.136,0.186,-0.727,65.552,-214.355,41.565
0.084,0.199,-0.655,74.280,-225.220,41.931
0.060,0.316,-0.552,90.942,-230.835,42.236
0.051,0.402,-0.429,114.563,-231.567,38.330
0.062,0.390,-0.300,139.832,-231.506,27.710
0.094,0.330,-0.179,161.133,-231.140,13.428
0.140,0.269,-0.044,174.438,-232.239,2.930
0.181,0.238,0.138,183.289,-235.840,-1.038
0.160,0.260,0.360,188.171,-245.422,-2.075
0.158,0.306,0.546,180.542,-257.507,-3.052
0.193,0.314,0.747,162.476,-263.977,-3.784
0.215,0.394,0.884,146.240,-261.841,-3.784
0.285,0.429,1.049,142.151,-252.930,-2.380
0.333,0.369,1.212,144.287,-238.647,-2.380
0.386,0.272,1.223,136.475,-221.497,-2.502
0.439,0.264,1.163,119.385,-202.515,2.319
0.469,0.287,1.120,100.891,-189.026,11.597
0.467,0.284,1.037,84.351,-182.800,18.555
0.421,0.345,0.932,68.481,-177.979,22.827
0.362,0.429,0.897,62.744,-173.096,26.672
0.286,0.507,0.922,71.899,-170.410,26.489
0.247,0.611,1.082,88.318,-168.884,21.973
0.243,0.583,1.298,107.178,-168.457,13.794
0.296,0.505,1.416,114.807,-163.757,2.075
0.346,0.483,1.513,106.323,-157.043,-5.188
0.365,0.461,1.617,91.187,-151.917,-6.165
0.376,0.455,1.667,76.843,-144.775,-5.371
0.419,0.446,1.577,60.974,-129.944,-4.944
0.476,0.384,1.397,46.082,-108.643,-3.662
0.503,0.371,1.157,36.194,-89.539,-0.427
0.480,0.385,0.955,34.241,-79.529,4.578
0.427,0.408,0.875,38.452,-78.613,8.423
0.349,0.448,0.875,46.082,-82.458,9.644
0.284,0.509,0.937,56.335,-86.060,6.348
0.251,0.518,1.037,69.580,-88.318,0.610
0.282,0.481,1.129,82.764,-86.731,-6.714
0.353,0.394,1.217,87.708,-82.275,-14.526
0.412,0.324,1.259,80.627,-76.111,-17.334
0.444,0.257,1.206,65.918,-67.932,-14.709
0.463,0.216,1.078,48.218,-58.838,-7.629
0.435,0.174,0.900,32.410,-52.185,0.061
0.411,0.256,0.827,23.010,-53.284,6.775
0.326,0.288,0.759,18.860,-59.265,13.123
0.252,0.368,0.828,20.325,-63.782,16.907
0.179,0.427,0.932,30.029,-70.984,16.418
0.156,0.439,1.034,39.612,-74.097,11.841
0.151,0.454,1.130,46.021,-74.280,5.615
0.146,0.435,1.180,51.270,-69.275,-0.305
0.173,0.396,1.204,56.152,-60.425,-5.005
0.205,0.361,1.217,58.472,-50.781,-7.507
0.249,0.311,1.187,54.199,-42.969,-9.827
0.298,0.255,1.115,44.495,-37.170,-10.864
0.330,0.192,1.027,34.851,-35.217,-9.399
0.334,0.158,0.921,23.437,-36.682,-4.700
0.270,0.194,0.849,10.132,-43.457,0.488
0.195,0.260,0.879,4.333,-53.406,4.761
0.135,0.311,0.966,8.911,-61.829,5.920
0.101,0.358,1.062,17.456,-64.026,3.723
0.100,0.373,1.147,26.367,-58.655,-0.549
0.107,0.357,1.205,35.217,-51.575,-4.822
0.146,0.317,1.256,40.833,-43.640,-8.423
0.175,0.276,1.284,40.039,-36.499,-10.803
0.202,0.233,1.267,34.119,-30.029,-10.925
0.236,0.193,1.213,25.391,-24.353,-9.094
0.235,0.165,1.131,14.282,-22.156,-5.493
0.243,0.171,1.034,2.930,-21.912,-2.319
0.222,0.199,0.930,-4.395,-24.658,0.549
0.205,0.236,0.862,-6.226,-29.541,2.563
0.175,0.260,0.836,-3.601,-34.790,2.625
0.148,0.257,0.856,0.732,-39.063,0.244
0.133,0.254,0.883,6.531,-40.955,-1.099
0.146,0.251,0.924,14.526,-40.405,-1.038
0.142,0.253,0.980,21.118,-40.100,-1.221
0.129,0.237,1.001,22.583,-39.001,-0.549
0.095,0.222,0.966,20.386,-39.001,0.671
0.102,0.228,0.915,15.442,-43.396,0.549
0.084,0.228,0.900,11.047,-48.706,-0.061
0.063,0.212,0.906,10.376,-51.575,-0.244
0.053,0.191,0.910,13.367,-50.049,0.122
0.064,0.176,0.901,17.578,-48.096,1.343
0.051,0.173,0.913,20.874,-47.791,3.479
0.041,0.175,0.944,23.560,-47.974,4.700
0.003,0.181,0.971,27.405,-49.500,6.165
-0.011,0.181,1.017,32.593,-49.622,7.507
-0.014,0.169,1.062,36.011,-47.180,7.507
-0.021,0.162,1.057,34.424,-44.250,7.385
-0.032,0.163,1.094,28.992,-41.931,8.118
-0.062,0.174,1.021,13.977,-43.396,9.338
-0.051,0.177,0.954,5.310,-40.649,7.874
-0.068,0.170,0.943,10.315,-36.743,7.324
-0.081,0.172,0.947,17.334,-35.156,7.996
-0.064,0.168,0.973,23.315,-34.363,9.155
-0.092,0.163,1.006,28.992,-34.302,11.230
-0.061,0.251,1.104,37.964,-30.273,10.254
-0.066,0.290,1.224,59.326,-26.550,3.235
-0.081,0.201,1.249,80.200,-17.761,3.784
-0.091,0.077,1.149,86.426,-5.920,13.489